size,cost_variant,delta_ratio,instance,cut_time_pos,nb_orders,nb_jobs,nb_new_jobs,nb_accepted_new_jobs,accepted_over_new,acceptance_ratio,cmax,total_tardiness,weighted_tardiness,obj,computing_time,delta_tjE
l,portion_of_3_7,0.1,1,early,2,18,13,6,6/13,0.46,762,2039,715.0585000000001,1477.0585,36.70195058395621,-10.830000000000013
l,portion_of_3_7,0.1,1,middle,2,18,13,13,13/13,1.0,1161,4726,1167.8937000000003,2328.8937000000005,0.1979725419660098,-8.1826
l,portion_of_3_7,0.1,1,late,2,18,13,13,13/13,1.0,1106,3745,978.0529,2084.0529,0.16026883298764,0.0
l,portion_of_3_7,0.1,2,early,2,19,13,6,6/13,0.46,704,1635,648.0704999999998,1352.0704999999998,13.447304375004023,-7.991200000000006
l,portion_of_3_7,0.1,2,middle,2,19,13,12,12/13,0.92,1085,5112,1375.0375,2460.0375,1.3768153329729105,54.1611
l,portion_of_3_7,0.1,2,late,2,19,13,13,13/13,1.0,1070,4323,1039.9113,2109.9113,0.143351332983002,33.0214
l,portion_of_3_7,0.1,3,early,2,15,11,0,0/11,0.0,196,122,111.27230000000002,307.27230000000003,0.3095930420095101,0.0
l,portion_of_3_7,0.1,3,middle,2,15,11,11,11/11,1.0,657,1886,484.4326,1141.4326,0.1286405000137165,-23.3638
l,portion_of_3_7,0.1,3,late,2,15,11,11,11/11,1.0,729,2014,518.8711000000001,1247.8711,0.1197052500210702,0.0
l,portion_of_3_7,0.1,4,early,2,17,12,0,0/12,0.0,330,359,299.05,629.05,0.1934858750319108,0.0
l,portion_of_3_7,0.1,4,middle,2,17,12,12,12/12,1.0,909,3455,891.6377,1800.6377,0.1636470420053228,-6.019400000000001
l,portion_of_3_7,0.1,4,late,2,17,12,12,12/12,1.0,925,2726,703.7538000000001,1628.7538,0.1824141250108368,0.0
l,portion_of_3_7,0.1,5,early,2,17,12,1,1/12,0.08,369,293,247.9992,616.9992,0.5445782919996418,0.0
l,portion_of_3_7,0.1,5,middle,2,17,12,12,12/12,1.0,1141,3880,1010.8968,2151.8968,0.1817364160087891,6.4408
l,portion_of_3_7,0.1,5,late,2,17,12,12,12/12,1.0,1083,3408,817.1627000000001,1900.1627,0.1677165830042213,0.0
l,portion_of_3_7,0.1,6,early,2,16,11,2,2/11,0.18,414,436,332.57120000000003,746.5712000000001,0.8419112919946201,17.458800000000004
l,portion_of_3_7,0.1,6,middle,2,16,11,11,11/11,1.0,950,2978,970.3375,1920.3375,0.1433781660161912,11.8963
l,portion_of_3_7,0.1,6,late,2,16,11,11,11/11,1.0,883,2259,755.4489,1638.4489,0.0733370420057326,0.0
l,portion_of_3_7,0.1,7,early,2,20,14,2,2/14,0.14,467,757,547.2325999999999,1014.2326,1.36694262502715,25.8061
l,portion_of_3_7,0.1,7,middle,2,20,14,13,13/14,0.93,1033,3547,1169.3672,2202.3671999999997,1.5684426249936223,20.208
l,portion_of_3_7,0.1,7,late,2,20,14,14,14/14,1.0,1101,4021,1354.4566999999995,2455.4566999999997,0.0975246669840999,0.0
l,portion_of_3_7,0.1,8,early,2,19,13,13,13/13,1.0,1300,7529,2564.0353,3864.0353,0.2280781660228967,25.281000000000027
l,portion_of_3_7,0.1,8,middle,2,19,13,13,13/13,1.0,1300,6945,2349.8268000000003,3649.8268,0.223575499956496,0.8478000000000065
l,portion_of_3_7,0.1,8,late,2,19,13,13,13/13,1.0,1267,4090,1629.5476,2896.5476,0.1713177919737063,0.0
l,portion_of_3_7,0.1,9,early,2,16,11,1,1/11,0.09,296,308,270.3042,566.3042,0.4589043749729171,0.0
l,portion_of_3_7,0.1,9,middle,2,16,11,11,11/11,1.0,802,2194,557.4585999999999,1359.4586,0.1440466659842059,-62.721000000000004
l,portion_of_3_7,0.1,9,late,2,16,11,11,11/11,1.0,798,2295,632.9463,1430.9463,0.0751251250039786,0.0
l,portion_of_3_7,0.1,10,early,2,19,13,13,13/13,1.0,855,3380,910.4872,1765.4872,0.1774210830335505,20.830000000000005
l,portion_of_3_7,0.1,10,middle,2,19,13,13,13/13,1.0,917,2612,760.4123,1677.4123,0.1602532910183072,5.546099999999999
l,portion_of_3_7,0.1,10,late,2,19,13,13,13/13,1.0,920,2769,732.0347,1652.0347000000002,0.1910962919937446,0.0
l,portion_of_3_7,0.1,11,early,2,15,11,4,4/11,0.36,565,886,255.0499,820.0499,0.5441518329898827,0.0
l,portion_of_3_7,0.1,11,middle,2,15,11,2,2/11,0.18,298,151,78.5007,376.5007,0.3777810000465251,0.0
l,portion_of_3_7,0.1,11,late,2,15,11,11,11/11,1.0,970,3082,665.9200000000001,1635.92,0.1397549589746631,0.0
l,portion_of_3_7,0.1,12,early,2,17,12,10,10/12,0.83,771,2640,1042.2813,1813.2813,7.690042083966546,-5.738800000000001
l,portion_of_3_7,0.1,12,middle,2,17,12,6,6/12,0.5,650,1895,780.7561999999998,1430.7561999999998,5.586039791989606,9.426
l,portion_of_3_7,0.1,12,late,2,17,12,12,12/12,1.0,813,2711,1053.7667,1866.7667,0.1228412080090493,0.0
l,portion_of_3_7,0.1,13,early,2,20,14,8,8/14,0.57,766,2422,692.3521,1458.3521,77.95496204204392,-4.114
l,portion_of_3_7,0.1,13,middle,2,20,14,13,13/14,0.93,969,3765,882.4475000000001,1851.4475,0.7434988750028424,0.0
l,portion_of_3_7,0.1,13,late,2,20,14,14,14/14,1.0,1011,3481,896.6991000000002,1907.6991000000005,0.0847642089938744,0.0
l,portion_of_3_7,0.1,14,early,2,18,13,5,5/13,0.38,749,1487,672.2452999999999,1421.2453,2.5370901660062373,31.599299999999996
l,portion_of_3_7,0.1,14,middle,2,18,13,13,13/13,1.0,1156,5569,1772.1672,2928.1672,0.6130222079809755,0.0
l,portion_of_3_7,0.1,14,late,2,18,13,13,13/13,1.0,1141,4012,1315.712,2456.712,0.0945055829943157,0.0
l,portion_of_3_7,0.1,15,early,2,18,13,6,6/13,0.46,609,1094,435.4687,1044.4687,9.36813295900356,2.934799999999999
l,portion_of_3_7,0.1,15,middle,2,18,13,10,10/13,0.77,808,2446,730.7758,1538.7758,7.321578332979698,-0.039699999999996294
l,portion_of_3_7,0.1,15,late,2,18,13,12,12/13,0.92,977,3654,1021.8845,1998.8845,0.3447476670262404,0.0
l,portion_of_3_7,0.1,16,early,2,19,13,3,3/13,0.23,486,917,464.8141,950.8141,0.4812888330197893,-53.05800000000001
l,portion_of_3_7,0.1,16,middle,2,19,13,1,1/13,0.08,373,533,412.812,785.812,0.4109724589507095,12.456199999999995
l,portion_of_3_7,0.1,16,late,2,19,13,13,13/13,1.0,926,3069,1008.7828999999996,1934.7828999999997,0.137731958006043,0.0
l,portion_of_3_7,0.1,17,early,2,18,13,13,13/13,1.0,960,3504,1027.7892000000002,1987.7892,0.0917612919583916,16.393500000000003
l,portion_of_3_7,0.1,17,middle,2,18,13,13,13/13,1.0,934,3826,1024.5262,1958.5262,0.1466100409743376,0.0
l,portion_of_3_7,0.1,17,late,2,18,13,13,13/13,1.0,1000,4057,1172.0868,2172.0868,0.0810207499889656,0.0
l,portion_of_3_7,0.1,18,early,2,15,11,7,7/11,0.64,531,1299,532.0186,1063.0186,29.80452849995345,-14.1142
l,portion_of_3_7,0.1,18,middle,2,15,11,7,7/11,0.64,623,1237,511.8807000000001,1134.8807000000002,1.4200883750454525,0.0
l,portion_of_3_7,0.1,18,late,2,15,11,11,11/11,1.0,785,1928,658.0657,1443.0657,0.1007786670234054,0.0
l,portion_of_3_7,0.1,19,early,2,18,13,4,4/13,0.31,521,1257,607.5679,1128.5679,0.7307295000064187,-4.878100000000003
l,portion_of_3_7,0.1,19,middle,2,18,13,13,13/13,1.0,1021,3998,1337.6831,2358.6831,0.146225249976851,-1.9675000000000082
l,portion_of_3_7,0.1,19,late,2,18,13,13,13/13,1.0,1081,4279,1402.2309999999998,2483.231,0.1393770839786157,0.0
l,portion_of_3_7,0.1,20,early,2,15,11,5,5/11,0.45,434,737,209.689,643.689,3.590207792003639,-48.279
l,portion_of_3_7,0.1,20,middle,2,15,11,11,11/11,1.0,805,2906,695.4563,1500.4563,0.130532042006962,9.9198
l,portion_of_3_7,0.1,20,late,2,15,11,6,6/11,0.55,499,883,320.7534,819.7534,2.4264935000101104,0.0
l,portion_of_3_7,0.2,1,early,2,18,13,12,12/13,0.92,1167,5396,1345.7666,2512.7666,11.046535625006072,77.1181
l,portion_of_3_7,0.2,1,middle,2,18,13,13,13/13,1.0,1161,4726,1167.8937000000003,2328.8937000000005,0.1816114999819547,-8.1826
l,portion_of_3_7,0.2,1,late,2,18,13,13,13/13,1.0,1106,3745,978.0529,2084.0529,0.1579695830005221,0.0
l,portion_of_3_7,0.2,2,early,2,19,13,6,6/13,0.46,704,1635,648.0704999999998,1352.0704999999998,18.573092207952868,-7.991200000000006
l,portion_of_3_7,0.2,2,middle,2,19,13,12,12/13,0.92,1057,4725,1273.9387,2330.9386999999997,1.3732676249928772,73.2753
l,portion_of_3_7,0.2,2,late,2,19,13,13,13/13,1.0,1070,4323,1039.9113,2109.9113,0.1428885839995928,33.0214
l,portion_of_3_7,0.2,3,early,2,15,11,0,0/11,0.0,196,122,111.27230000000002,307.27230000000003,0.2887370000244118,0.0
l,portion_of_3_7,0.2,3,middle,2,15,11,11,11/11,1.0,657,1886,484.4326,1141.4326,0.1242376249865628,-23.3638
l,portion_of_3_7,0.2,3,late,2,15,11,11,11/11,1.0,729,2014,518.8711000000001,1247.8711,0.1144112499896436,0.0
l,portion_of_3_7,0.2,4,early,2,17,12,10,10/12,0.83,852,3075,812.1161999999999,1664.1162,1.2365348339662887,31.9658
l,portion_of_3_7,0.2,4,middle,2,17,12,12,12/12,1.0,909,3455,891.6377,1800.6377,0.1594523329986259,-6.019400000000001
l,portion_of_3_7,0.2,4,late,2,17,12,12,12/12,1.0,925,2726,703.7538000000001,1628.7538,0.1758085420005954,0.0
l,portion_of_3_7,0.2,5,early,2,17,12,1,1/12,0.08,369,293,247.9992,616.9992,0.6003485830151476,0.0
l,portion_of_3_7,0.2,5,middle,2,17,12,12,12/12,1.0,1141,3880,1010.8968,2151.8968,0.173734207986854,6.4408
l,portion_of_3_7,0.2,5,late,2,17,12,12,12/12,1.0,1083,3408,817.1627000000001,1900.1627,0.1660788329900242,0.0
l,portion_of_3_7,0.2,6,early,2,16,11,5,5/11,0.45,546,1122,447.36139999999995,993.3614,2.426209875033237,-18.7459
l,portion_of_3_7,0.2,6,middle,2,16,11,11,11/11,1.0,950,2978,970.3375,1920.3375,0.1407509169657714,11.8963
l,portion_of_3_7,0.2,6,late,2,16,11,11,11/11,1.0,883,2259,755.4489,1638.4489,0.0729525000206194,0.0
l,portion_of_3_7,0.2,7,early,2,20,14,2,2/14,0.14,467,757,547.2325999999999,1014.2326,2.3026687080273405,25.8061
l,portion_of_3_7,0.2,7,middle,2,20,14,14,14/14,1.0,1081,4366,1413.5516,2494.5516,0.1846236670389771,49.678
l,portion_of_3_7,0.2,7,late,2,20,14,14,14/14,1.0,1101,4021,1354.4566999999995,2455.4566999999997,0.0926920839701779,0.0
l,portion_of_3_7,0.2,8,early,2,19,13,13,13/13,1.0,1300,7529,2564.0353,3864.0353,0.2220397080527618,25.281000000000027
l,portion_of_3_7,0.2,8,middle,2,19,13,13,13/13,1.0,1300,6945,2349.8268000000003,3649.8268,0.1978072499623522,0.8478000000000065
l,portion_of_3_7,0.2,8,late,2,19,13,13,13/13,1.0,1267,4090,1629.5476,2896.5476,0.2063483329839073,0.0
l,portion_of_3_7,0.2,9,early,2,16,11,1,1/11,0.09,296,308,270.3042,566.3042,0.4655231249635108,0.0
l,portion_of_3_7,0.2,9,middle,2,16,11,11,11/11,1.0,802,2194,557.4585999999999,1359.4586,0.1293958330061286,-62.721000000000004
l,portion_of_3_7,0.2,9,late,2,16,11,11,11/11,1.0,798,2295,632.9463,1430.9463,0.0670034579816274,0.0
l,portion_of_3_7,0.2,10,early,2,19,13,13,13/13,1.0,855,3380,910.4872,1765.4872,0.165589208016172,20.830000000000005
l,portion_of_3_7,0.2,10,middle,2,19,13,13,13/13,1.0,917,2612,760.4123,1677.4123,0.156001333030872,5.546099999999999
l,portion_of_3_7,0.2,10,late,2,19,13,13,13/13,1.0,920,2769,732.0347,1652.0347000000002,0.1950670840451493,0.0
l,portion_of_3_7,0.2,11,early,2,15,11,4,4/11,0.36,565,886,255.0499,820.0499,0.5167097499943338,0.0
l,portion_of_3_7,0.2,11,middle,2,15,11,2,2/11,0.18,298,151,78.5007,376.5007,0.3656570409657433,0.0
l,portion_of_3_7,0.2,11,late,2,15,11,11,11/11,1.0,970,3082,665.9200000000001,1635.92,0.1401946659898385,0.0
l,portion_of_3_7,0.2,12,early,2,17,12,11,11/12,0.92,808,3115,1217.9235999999996,2025.9235999999996,1.352787250012625,71.6484
l,portion_of_3_7,0.2,12,middle,2,17,12,8,8/12,0.67,658,2171,888.2400000000001,1546.2400000000002,10.79544633300975,71.50059999999999
l,portion_of_3_7,0.2,12,late,2,17,12,12,12/12,1.0,813,2711,1053.7667,1866.7667,0.1220672499621287,0.0
l,portion_of_3_7,0.2,13,early,2,20,14,8,8/14,0.57,753,2041,504.4112999999999,1257.4113,241.7179439580068,17.2788
l,portion_of_3_7,0.2,13,middle,2,20,14,13,13/14,0.93,969,3765,882.4475000000001,1851.4475,0.7152711669914424,0.0
l,portion_of_3_7,0.2,13,late,2,20,14,14,14/14,1.0,1011,3481,896.6991000000002,1907.6991000000005,0.0868014169973321,0.0
l,portion_of_3_7,0.2,14,early,2,18,13,6,6/13,0.46,626,1165,667.5341000000001,1293.5341,15.29628741700435,69.345
l,portion_of_3_7,0.2,14,middle,2,18,13,13,13/13,1.0,1237,4466,1438.4012000000002,2675.4012,0.1828841670067049,43.3674
l,portion_of_3_7,0.2,14,late,2,18,13,13,13/13,1.0,1141,4012,1315.712,2456.712,0.0921451250324025,0.0
l,portion_of_3_7,0.2,15,early,2,18,13,12,12/13,0.92,1005,4023,985.8292,1990.8292,1.4526439589681104,44.4797
l,portion_of_3_7,0.2,15,middle,2,18,13,10,10/13,0.77,808,2446,730.7758,1538.7758,7.060483041976113,-0.039699999999996294
l,portion_of_3_7,0.2,15,late,2,18,13,12,12/13,0.92,1039,3506,890.617,1929.617,1.1758833330241032,-45.278400000000005
l,portion_of_3_7,0.2,16,early,2,19,13,4,4/13,0.31,536,1175,586.0668000000001,1122.0668,0.7587963749538176,26.9508
l,portion_of_3_7,0.2,16,middle,2,19,13,5,5/13,0.38,623,1485,574.1598999999999,1197.1599,10.3415262500057,13.7845
l,portion_of_3_7,0.2,16,late,2,19,13,13,13/13,1.0,926,3069,1008.7828999999996,1934.7828999999997,0.1379172079614363,0.0
l,portion_of_3_7,0.2,17,early,2,18,13,13,13/13,1.0,960,3504,1027.7892000000002,1987.7892,0.0895047090016305,16.393500000000003
l,portion_of_3_7,0.2,17,middle,2,18,13,13,13/13,1.0,934,3826,1024.5262,1958.5262,0.1431157079641707,0.0
l,portion_of_3_7,0.2,17,late,2,18,13,13,13/13,1.0,1000,4057,1172.0868,2172.0868,0.0808542909799143,0.0
l,portion_of_3_7,0.2,18,early,2,15,11,11,11/11,1.0,715,2686,932.4904,1647.4904,0.1277783749974332,21.1276
l,portion_of_3_7,0.2,18,middle,2,15,11,9,9/11,0.82,687,1895,704.6204,1391.6204,1.0051489159814082,21.1276
l,portion_of_3_7,0.2,18,late,2,15,11,11,11/11,1.0,785,1928,658.0657,1443.0657,0.0542105000349693,0.0
l,portion_of_3_7,0.2,19,early,2,18,13,4,4/13,0.31,569,1418,590.7253999999999,1159.7253999999998,1.700249666988384,-4.878100000000003
l,portion_of_3_7,0.2,19,middle,2,18,13,13,13/13,1.0,1021,3998,1337.6831,2358.6831,0.1446854580426588,-1.9675000000000082
l,portion_of_3_7,0.2,19,late,2,18,13,13,13/13,1.0,1081,4279,1402.2309999999998,2483.231,0.179316124995239,0.0
l,portion_of_3_7,0.2,20,early,2,15,11,5,5/11,0.45,416,563,206.876,622.876,4.817126583016943,-37.584900000000005
l,portion_of_3_7,0.2,20,middle,2,15,11,11,11/11,1.0,805,2906,695.4563,1500.4563,0.1290316249942407,9.9198
l,portion_of_3_7,0.2,20,late,2,15,11,6,6/11,0.55,561,880,271.90229999999997,832.9023,7.47836945799645,0.0
l,portion_of_3_7,0.5,1,early,2,18,13,13,13/13,1.0,1217,5539,1393.9806,2610.9806,0.2247230419889092,187.74710000000002
l,portion_of_3_7,0.5,1,middle,2,18,13,13,13/13,1.0,1161,4726,1167.8937000000003,2328.8937000000005,0.1832234170287847,-8.1826
l,portion_of_3_7,0.5,1,late,2,18,13,13,13/13,1.0,1106,3745,978.0529,2084.0529,0.2031775419600308,0.0
l,portion_of_3_7,0.5,2,early,2,19,13,8,8/13,0.62,771,1934,834.5748,1605.5748,41.734102249960415,170.01690000000002
l,portion_of_3_7,0.5,2,middle,2,19,13,13,13/13,1.0,1141,5770,1450.4295000000002,2591.4295,0.1725169999990612,127.61590000000001
l,portion_of_3_7,0.5,2,late,2,19,13,13,13/13,1.0,1070,4323,1039.9113,2109.9113,0.1424792499747127,33.0214
l,portion_of_3_7,0.5,3,early,2,15,11,3,3/11,0.27,372,338,190.6207,562.6206999999999,0.5871460000053048,37.24399999999999
l,portion_of_3_7,0.5,3,middle,2,15,11,11,11/11,1.0,657,1886,484.4326,1141.4326,0.125680791970808,-23.3638
l,portion_of_3_7,0.5,3,late,2,15,11,11,11/11,1.0,729,2014,518.8711000000001,1247.8711,0.1161045840126462,0.0
l,portion_of_3_7,0.5,4,early,2,17,12,12,12/12,1.0,917,3555,935.8192,1852.8192,0.1342096250155009,99.88520000000001
l,portion_of_3_7,0.5,4,middle,2,17,12,12,12/12,1.0,909,3455,891.6377,1800.6377,0.1618653330369852,-6.019400000000001
l,portion_of_3_7,0.5,4,late,2,17,12,12,12/12,1.0,925,2726,703.7538000000001,1628.7538,0.1295065419981256,0.0
l,portion_of_3_7,0.5,5,early,2,17,12,5,5/12,0.42,746,1327,566.1005,1312.1005,5.40218337503029,92.79709999999999
l,portion_of_3_7,0.5,5,middle,2,17,12,12,12/12,1.0,1141,3880,1010.8968,2151.8968,0.1774307090090587,6.4408
l,portion_of_3_7,0.5,5,late,2,17,12,12,12/12,1.0,1083,3408,817.1627000000001,1900.1627,0.1651487089693546,0.0
l,portion_of_3_7,0.5,6,early,2,16,11,10,10/11,0.91,834,3074,1004.1261999999998,1838.1261999999997,0.5827557920129038,125.3405
l,portion_of_3_7,0.5,6,middle,2,16,11,11,11/11,1.0,950,2978,970.3375,1920.3375,0.1448201250168495,11.8963
l,portion_of_3_7,0.5,6,late,2,16,11,11,11/11,1.0,883,2259,755.4489,1638.4489,0.07260866696015,0.0
l,portion_of_3_7,0.5,7,early,2,20,14,13,13/14,0.93,1125,5647,1851.4891,2976.4891,2.085377042007167,244.61740000000003
l,portion_of_3_7,0.5,7,middle,2,20,14,14,14/14,1.0,1081,4366,1413.5516,2494.5516,0.1850002499995753,49.678
l,portion_of_3_7,0.5,7,late,2,20,14,14,14/14,1.0,1101,4021,1354.4566999999995,2455.4566999999997,0.0951276659616269,0.0
l,portion_of_3_7,0.5,8,early,2,19,13,13,13/13,1.0,1300,7529,2564.0353,3864.0353,0.2235511249746196,25.281000000000027
l,portion_of_3_7,0.5,8,middle,2,19,13,13,13/13,1.0,1300,6945,2349.8268000000003,3649.8268,0.2049710829742252,0.8478000000000065
l,portion_of_3_7,0.5,8,late,2,19,13,13,13/13,1.0,1267,4090,1629.5476,2896.5476,0.214061333972495,0.0
l,portion_of_3_7,0.5,9,early,2,16,11,3,3/11,0.27,401,769,422.5145,823.5145,1.0419044580194168,119.16109999999998
l,portion_of_3_7,0.5,9,middle,2,16,11,11,11/11,1.0,802,2194,557.4585999999999,1359.4586,0.1297962500248104,-62.721000000000004
l,portion_of_3_7,0.5,9,late,2,16,11,11,11/11,1.0,798,2295,632.9463,1430.9463,0.0712407090468332,0.0
l,portion_of_3_7,0.5,10,early,2,19,13,13,13/13,1.0,855,3380,910.4872,1765.4872,0.1684582910384051,20.830000000000005
l,portion_of_3_7,0.5,10,middle,2,19,13,13,13/13,1.0,917,2612,760.4123,1677.4123,0.2018202499602921,5.546099999999999
l,portion_of_3_7,0.5,10,late,2,19,13,13,13/13,1.0,920,2769,732.0347,1652.0347000000002,0.1467615829897113,0.0
l,portion_of_3_7,0.5,11,early,2,15,11,11,11/11,1.0,912,3345,705.6764000000001,1617.6764,0.0840036250301636,21.2475
l,portion_of_3_7,0.5,11,middle,2,15,11,10,10/11,0.91,871,2999,623.8712999999999,1494.8712999999998,0.9943174999789336,4.2495
l,portion_of_3_7,0.5,11,late,2,15,11,11,11/11,1.0,970,3082,665.9200000000001,1635.92,0.1354382080025971,0.0
l,portion_of_3_7,0.5,12,early,2,17,12,11,11/12,0.92,808,3115,1217.9235999999996,2025.9235999999996,1.2961330420221202,71.6484
l,portion_of_3_7,0.5,12,middle,2,17,12,11,11/12,0.92,782,3413,1278.4017,2060.4017000000003,1.107363290968351,168.65739999999997
l,portion_of_3_7,0.5,12,late,2,17,12,12,12/12,1.0,813,2711,1053.7667,1866.7667,0.1229237919906154,0.0
l,portion_of_3_7,0.5,13,early,2,20,14,14,14/14,1.0,1014,4877,1280.007,2294.007,1.2625441669952124,137.45139999999998
l,portion_of_3_7,0.5,13,middle,2,20,14,13,13/14,0.93,912,3410,873.426,1785.426,0.711296666006092,139.495
l,portion_of_3_7,0.5,13,late,2,20,14,14,14/14,1.0,1011,3481,896.6991000000002,1907.6991000000005,0.1317838340182788,0.0
l,portion_of_3_7,0.5,14,early,2,18,13,13,13/13,1.0,1277,5657,1906.3473000000004,3183.3473000000004,0.1107007089885883,199.0202
l,portion_of_3_7,0.5,14,middle,2,18,13,13,13/13,1.0,1237,4466,1438.4012000000002,2675.4012,0.1805228329612873,43.3674
l,portion_of_3_7,0.5,14,late,2,18,13,13,13/13,1.0,1141,4012,1315.712,2456.712,0.0915526669705286,0.0
l,portion_of_3_7,0.5,15,early,2,18,13,13,13/13,1.0,1006,4355,1078.2785,2084.2785000000003,0.1739008339936845,87.8715
l,portion_of_3_7,0.5,15,middle,2,18,13,12,12/13,0.92,1013,4083,1048.5618000000002,2061.5618000000004,1.3481999159557745,63.031800000000004
l,portion_of_3_7,0.5,15,late,2,18,13,13,13/13,1.0,1079,4097,1032.9053,2111.9053000000004,0.2038550829747691,70.7475
l,portion_of_3_7,0.5,16,early,2,19,13,6,6/13,0.46,588,1266,609.509,1197.509,20.51577662496129,81.71069999999999
l,portion_of_3_7,0.5,16,middle,2,19,13,10,10/13,0.77,875,3557,1192.0639,2067.0639,7.72460058296565,36.9915
l,portion_of_3_7,0.5,16,late,2,19,13,13,13/13,1.0,926,3069,1008.7828999999996,1934.7828999999997,0.138344417035114,0.0
l,portion_of_3_7,0.5,17,early,2,18,13,13,13/13,1.0,960,3504,1027.7892000000002,1987.7892,0.0869116660323925,16.393500000000003
l,portion_of_3_7,0.5,17,middle,2,18,13,13,13/13,1.0,934,3826,1024.5262,1958.5262,0.1409684579703025,0.0
l,portion_of_3_7,0.5,17,late,2,18,13,13,13/13,1.0,1000,4057,1172.0868,2172.0868,0.0811194580164738,0.0
l,portion_of_3_7,0.5,18,early,2,15,11,11,11/11,1.0,715,2686,932.4904,1647.4904,0.123662875033915,21.1276
l,portion_of_3_7,0.5,18,middle,2,15,11,9,9/11,0.82,687,1895,704.6204,1391.6204,2.219090291997418,21.1276
l,portion_of_3_7,0.5,18,late,2,15,11,11,11/11,1.0,785,1928,658.0657,1443.0657,0.0539176249876618,0.0
l,portion_of_3_7,0.5,19,early,2,18,13,13,13/13,1.0,1087,5242,1756.6533,2843.6533,0.0974137499579228,81.11799999999998
l,portion_of_3_7,0.5,19,middle,2,18,13,13,13/13,1.0,1021,3998,1337.6831,2358.6831,0.1472409580019302,-1.9675000000000082
l,portion_of_3_7,0.5,19,late,2,18,13,13,13/13,1.0,1081,4279,1402.2309999999998,2483.231,0.1343712499947287,0.0
l,portion_of_3_7,0.5,20,early,2,15,11,10,10/11,0.91,745,2425,553.1254000000001,1298.1254,0.5245126250083558,-34.2735
l,portion_of_3_7,0.5,20,middle,2,15,11,11,11/11,1.0,805,2906,695.4563,1500.4563,0.126619666989427,9.9198
l,portion_of_3_7,0.5,20,late,2,15,11,11,11/11,1.0,768,2603,669.6999,1437.6999,0.1181873750174418,46.8936
l,portion_of_7_3,0.1,1,early,2,20,6,4,4/6,0.67,1236,5774,3825.4085,5061.4085,3.3202941669733264,129.11899999999991
l,portion_of_7_3,0.1,1,middle,2,20,6,4,4/6,0.67,1275,5835,4022.7588,5297.7588,1.1565715830074623,325.1212
l,portion_of_7_3,0.1,1,late,2,20,6,6,6/6,1.0,1331,4430,3539.6730000000007,4870.673000000001,0.1715831250185147,53.034800000000004
l,portion_of_7_3,0.1,2,early,2,17,5,5,5/5,1.0,1162,5128,3213.5716,4375.571599999999,0.1868075840175151,-438.9045000000001
l,portion_of_7_3,0.1,2,middle,2,17,5,5,5/5,1.0,1340,6207,4044.4339,5384.4339,0.1785899579990655,307.8389
l,portion_of_7_3,0.1,2,late,2,17,5,5,5/5,1.0,1252,4127,3243.2493999999997,4495.2494,0.1106767090386711,-39.672
l,portion_of_7_3,0.1,3,early,2,20,6,6,6/6,1.0,1197,6223,3691.4287,4888.4287,0.210066125029698,41.893
l,portion_of_7_3,0.1,3,middle,2,20,6,5,5/6,0.83,1173,5504,3526.7782,4699.778200000001,0.7555762089905329,171.1635
l,portion_of_7_3,0.1,3,late,2,20,6,6,6/6,1.0,1219,4932,3211.7823999999996,4430.7824,0.1717637500260025,-153.6738
l,portion_of_7_3,0.1,4,early,2,20,6,2,2/6,0.33,707,2775,2026.3178,2733.3178,1.167547333985567,150.41450000000003
l,portion_of_7_3,0.1,4,middle,2,20,6,6,6/6,1.0,1003,4349,2512.3857999999996,3515.3857999999996,0.1539733750396408,177.8455
l,portion_of_7_3,0.1,4,late,2,20,6,6,6/6,1.0,963,3215,2176.8821999999996,3139.8821999999996,0.1348561660270206,87.15979999999999
l,portion_of_7_3,0.1,5,early,2,16,5,2,2/5,0.4,753,2300,1723.1348000000005,2476.1348000000003,0.5127478750073351,58.705600000000004
l,portion_of_7_3,0.1,5,middle,2,16,5,5,5/5,1.0,977,3543,2085.5398,3062.5398,0.1738487500115297,-4.443
l,portion_of_7_3,0.1,5,late,2,16,5,5,5/5,1.0,997,2399,1738.3727,2735.3727,0.1897635419736616,0.0
l,portion_of_7_3,0.1,6,early,2,16,5,2,2/5,0.4,866,2671,1889.0406,2755.0406000000003,0.5419514169916511,-19.064899999999994
l,portion_of_7_3,0.1,6,middle,2,16,5,5,5/5,1.0,985,2964,1952.4196,2937.4196,0.1205729999928735,0.2511000000000081
l,portion_of_7_3,0.1,6,late,2,16,5,5,5/5,1.0,1056,2166,1778.8802,2834.8802,0.0519818330067209,0.0
l,portion_of_7_3,0.1,7,early,2,19,6,3,3/6,0.5,907,4136,2854.4404,3761.4404,16.520807082997635,-22.77079999999995
l,portion_of_7_3,0.1,7,middle,2,19,6,5,5/6,0.83,1002,3983,2950.1080000000006,3952.1080000000006,0.8354153749532998,229.79180000000002
l,portion_of_7_3,0.1,7,late,2,19,6,6,6/6,1.0,1260,3013,2492.3217000000004,3752.3217,0.0825973330065608,0.0
l,portion_of_7_3,0.1,8,early,2,19,6,3,3/6,0.5,725,2368,1998.0675,2723.0675,1.7342998750391416,80.19669999999999
l,portion_of_7_3,0.1,8,middle,2,19,6,6,6/6,1.0,881,3028,2158.7459,3039.7459,0.104777708009351,96.553
l,portion_of_7_3,0.1,8,late,2,19,6,6,6/6,1.0,895,3099,2119.02,3014.02,0.0992805000278167,81.77459999999999
l,portion_of_7_3,0.1,9,early,2,18,5,4,4/5,0.8,956,3821,2450.836,3406.836,0.8213422919507138,157.1548
l,portion_of_7_3,0.1,9,middle,2,18,5,5,5/5,1.0,1107,4102,2435.8426999999997,3542.8426999999997,0.1407847920199856,8.498999999999999
l,portion_of_7_3,0.1,9,late,2,18,5,5,5/5,1.0,1062,3358,2297.273999999999,3359.273999999999,0.1255421250243671,8.498999999999999
l,portion_of_7_3,0.1,10,early,2,18,5,2,2/5,0.4,710,2419,1855.4252,2565.4252,1.5790164999780243,-3.993300000000005
l,portion_of_7_3,0.1,10,middle,2,18,5,5,5/5,1.0,927,3182,2093.6792,3020.6792,0.1372311669983901,134.8235
l,portion_of_7_3,0.1,10,late,2,18,5,5,5/5,1.0,881,2654,1899.9096,2780.9096,0.1096043749712407,4.1915000000000004
l,portion_of_7_3,0.1,11,early,2,17,5,1,1/5,0.2,788,2632,1972.2702,2760.2702,0.2846199999912642,108.34459999999997
l,portion_of_7_3,0.1,11,middle,2,17,5,5,5/5,1.0,1022,3764,2191.3607,3213.3607,0.1374088749871589,22.1032
l,portion_of_7_3,0.1,11,late,2,17,5,5,5/5,1.0,974,2801,2036.7193,3010.7193,0.1125924999942071,75.852
l,portion_of_7_3,0.1,12,early,2,19,6,1,1/6,0.17,913,3146,2622.6351999999997,3535.6351999999997,0.9089151669759304,223.38419999999994
l,portion_of_7_3,0.1,12,middle,2,19,6,6,6/6,1.0,1219,4674,2776.3878000000004,3995.3878,0.1431895410059951,4.8285
l,portion_of_7_3,0.1,12,late,2,19,6,6,6/6,1.0,1162,3416,2571.9843,3733.9843,0.1751875000190921,36.6919
l,portion_of_7_3,0.1,13,early,2,20,6,2,2/6,0.33,900,3232,2245.1879,3145.1879,0.4934358750469982,30.169499999999985
l,portion_of_7_3,0.1,13,middle,2,20,6,6,6/6,1.0,1139,4415,2607.0398,3746.0398,0.1864417909528128,123.6507
l,portion_of_7_3,0.1,13,late,2,20,6,6,6/6,1.0,1166,3856,2371.9442,3537.9442,0.1722560829948634,12.871500000000001
l,portion_of_7_3,0.1,14,early,2,20,6,3,3/6,0.5,1041,4120,2751.2794000000004,3792.2794,1.3099548330064863,200.84360000000004
l,portion_of_7_3,0.1,14,middle,2,20,6,5,5/6,0.83,1126,4855,2865.0736,3991.0736,0.9751653330167755,158.04850000000002
l,portion_of_7_3,0.1,14,late,2,20,6,6,6/6,1.0,1177,3204,2427.5080000000003,3604.508,0.1203313749865628,0.0
l,portion_of_7_3,0.1,15,early,2,15,5,0,0/5,0.0,554,1000,914.0729,1468.0729,0.4382837500306777,0.0
l,portion_of_7_3,0.1,15,middle,2,15,5,4,4/5,0.8,766,1957,1206.3614,1972.3614,0.5575067090103403,28.519600000000004
l,portion_of_7_3,0.1,15,late,2,15,5,5,5/5,1.0,842,1686,1118.9652999999998,1960.9653,0.6019444999983534,0.0
l,portion_of_7_3,0.1,16,early,2,20,6,5,5/6,0.83,1122,5643,3760.4618,4882.4618,1.2726000829716213,206.1685
l,portion_of_7_3,0.1,16,middle,2,20,6,4,4/6,0.67,1196,5900,3923.5551,5119.5551,1.6897248750319704,242.5757
l,portion_of_7_3,0.1,16,late,2,20,6,6,6/6,1.0,1325,4417,3425.9437,4750.9437,0.1311867919866927,0.0
l,portion_of_7_3,0.1,17,early,2,18,5,4,4/5,0.8,817,2962,2084.6281,2901.6281,0.7086863339645788,93.29169999999999
l,portion_of_7_3,0.1,17,middle,2,18,5,5,5/5,1.0,935,2889,2075.4949,3010.4949,0.1107503340463154,158.6529
l,portion_of_7_3,0.1,17,late,2,18,5,5,5/5,1.0,1043,2244,1808.7223000000004,2851.7223000000004,0.0510893749888055,0.0
l,portion_of_7_3,0.1,18,early,2,16,5,2,2/5,0.4,718,1856,1259.4089,1977.4089,0.3693797920132056,98.43400000000001
l,portion_of_7_3,0.1,18,middle,2,16,5,4,4/5,0.8,820,2442,1393.7503000000002,2213.7503,0.1845670420443639,50.5623
l,portion_of_7_3,0.1,18,late,2,16,5,5,5/5,1.0,838,1700,1204.9979,2042.9979,0.094031625019852,0.0
l,portion_of_7_3,0.1,19,early,2,17,5,0,0/5,0.0,638,1760,1591.1624,2229.1624,0.4041163329966366,0.0
l,portion_of_7_3,0.1,19,middle,2,17,5,5,5/5,1.0,906,3269,1915.2493,2821.2493000000004,0.0902521249954588,134.0821
l,portion_of_7_3,0.1,19,late,2,17,5,5,5/5,1.0,897,2407,1712.9426,2609.9426000000003,0.1057712500332854,27.200000000000003
l,portion_of_7_3,0.1,20,early,2,16,5,1,1/5,0.2,761,2103,1692.5674,2453.5674,0.3514350000186823,60.51579999999994
l,portion_of_7_3,0.1,20,middle,2,16,5,5,5/5,1.0,1032,2908,1707.5159999999998,2739.5159999999996,0.1276777500170283,-28.5713
l,portion_of_7_3,0.1,20,late,2,16,5,5,5/5,1.0,1055,2298,1615.9555,2670.9555,0.0699049999820999,0.0
l,portion_of_7_3,0.2,1,early,2,20,6,5,5/6,0.83,1291,5791,4129.312400000001,5420.312400000001,1.276814583980013,376.8962
l,portion_of_7_3,0.2,1,middle,2,20,6,5,5/6,0.83,1299,5896,4172.421200000001,5471.421200000001,0.5531781669706106,491.3027000000001
l,portion_of_7_3,0.2,1,late,2,20,6,6,6/6,1.0,1331,4430,3539.6730000000007,4870.673000000001,0.1175843749660998,53.034800000000004
l,portion_of_7_3,0.2,2,early,2,17,5,5,5/5,1.0,1162,5128,3213.5716,4375.571599999999,0.1790961669757962,-438.9045000000001
l,portion_of_7_3,0.2,2,middle,2,17,5,5,5/5,1.0,1340,6207,4044.4339,5384.4339,0.1735568750300444,307.8389
l,portion_of_7_3,0.2,2,late,2,17,5,5,5/5,1.0,1252,4127,3243.2493999999997,4495.2494,0.1587385419989004,-39.672
l,portion_of_7_3,0.2,3,early,2,20,6,6,6/6,1.0,1197,6223,3691.4287,4888.4287,0.2057099170051515,41.893
l,portion_of_7_3,0.2,3,middle,2,20,6,6,6/6,1.0,1239,5900,3805.6535,5044.6535,0.1658002919866703,297.7769
l,portion_of_7_3,0.2,3,late,2,20,6,6,6/6,1.0,1219,4932,3211.7823999999996,4430.7824,0.1206870000460185,-153.6738
l,portion_of_7_3,0.2,4,early,2,20,6,3,3/6,0.5,821,3538,2421.8951,3242.8951,1.4996777080232278,342.4068
l,portion_of_7_3,0.2,4,middle,2,20,6,6,6/6,1.0,1003,4349,2512.3857999999996,3515.3857999999996,0.1500382919912226,177.8455
l,portion_of_7_3,0.2,4,late,2,20,6,6,6/6,1.0,963,3215,2176.8821999999996,3139.8821999999996,0.1241094999713823,87.15979999999999
l,portion_of_7_3,0.2,5,early,2,16,5,4,4/5,0.8,951,3573,2309.3765,3260.3765,0.4656732910079881,287.713
l,portion_of_7_3,0.2,5,middle,2,16,5,5,5/5,1.0,977,3543,2085.5398,3062.5398,0.1417369580012746,-4.443
l,portion_of_7_3,0.2,5,late,2,16,5,5,5/5,1.0,997,2399,1738.3727,2735.3727,0.111962458002381,0.0
l,portion_of_7_3,0.2,6,early,2,16,5,4,4/5,0.8,916,3326,2237.8917,3153.8917,0.6033057500026189,334.95679999999993
l,portion_of_7_3,0.2,6,middle,2,16,5,5,5/5,1.0,985,2964,1952.4196,2937.4196,0.1144219579873606,0.2511000000000081
l,portion_of_7_3,0.2,6,late,2,16,5,5,5/5,1.0,1056,2166,1778.8802,2834.8802,0.0509729579789564,0.0
l,portion_of_7_3,0.2,7,early,2,19,6,5,5/6,0.83,978,4833,3321.3979000000004,4299.3979,7.487545165931806,383.589
l,portion_of_7_3,0.2,7,middle,2,19,6,5,5/6,0.83,1002,3983,2950.1080000000006,3952.1080000000006,0.7590022920048796,229.79180000000002
l,portion_of_7_3,0.2,7,late,2,19,6,6,6/6,1.0,1260,3013,2492.3217000000004,3752.3217,0.0792797909816727,0.0
l,portion_of_7_3,0.2,8,early,2,19,6,4,4/6,0.67,851,3264,2405.3506,3256.3506,1.9117102500167675,377.1372
l,portion_of_7_3,0.2,8,middle,2,19,6,6,6/6,1.0,881,3028,2158.7459,3039.7459,0.1416237499797716,96.553
l,portion_of_7_3,0.2,8,late,2,19,6,6,6/6,1.0,895,3099,2119.02,3014.02,0.1734575830050744,81.77459999999999
l,portion_of_7_3,0.2,9,early,2,18,5,4,4/5,0.8,956,3821,2450.836,3406.836,0.9256574169849046,157.1548
l,portion_of_7_3,0.2,9,middle,2,18,5,5,5/5,1.0,1107,4102,2435.8426999999997,3542.8426999999997,0.2098766670096665,8.498999999999999
l,portion_of_7_3,0.2,9,late,2,18,5,5,5/5,1.0,1062,3358,2297.273999999999,3359.273999999999,0.1527657090337015,8.498999999999999
l,portion_of_7_3,0.2,10,early,2,18,5,3,3/5,0.6,802,2912,2157.7751000000003,2959.7751000000003,1.1064853750285693,244.25940000000003
l,portion_of_7_3,0.2,10,middle,2,18,5,5,5/5,1.0,927,3182,2093.6792,3020.6792,0.1221314999856986,134.8235
l,portion_of_7_3,0.2,10,late,2,18,5,5,5/5,1.0,881,2654,1899.9096,2780.9096,0.0992034579976461,4.1915000000000004
l,portion_of_7_3,0.2,11,early,2,17,5,3,3/5,0.6,848,3332,2115.6228,2963.6228,0.6787560000084341,133.1096
l,portion_of_7_3,0.2,11,middle,2,17,5,5,5/5,1.0,1022,3764,2191.3607,3213.3607,0.1702119999681599,22.1032
l,portion_of_7_3,0.2,11,late,2,17,5,5,5/5,1.0,974,2801,2036.7193,3010.7193,0.1003107919823378,75.852
l,portion_of_7_3,0.2,12,early,2,19,6,3,3/6,0.5,1022,4199,2950.4084,3972.4084,1.0512509999680333,325.5751
l,portion_of_7_3,0.2,12,middle,2,19,6,6,6/6,1.0,1219,4674,2776.3878000000004,3995.3878,0.1900097090401686,4.8285
l,portion_of_7_3,0.2,12,late,2,19,6,6,6/6,1.0,1162,3416,2571.9843,3733.9843,0.1227804580121301,36.6919
l,portion_of_7_3,0.2,13,early,2,20,6,4,4/6,0.67,1014,4512,2540.0299,3554.0299,1.5013752919621766,124.79000000000002
l,portion_of_7_3,0.2,13,middle,2,20,6,6,6/6,1.0,1139,4415,2607.0398,3746.0398,0.1773831250029616,123.6507
l,portion_of_7_3,0.2,13,late,2,20,6,6,6/6,1.0,1166,3856,2371.9442,3537.9442,0.1599667499540373,12.871500000000001
l,portion_of_7_3,0.2,14,early,2,20,6,5,5/6,0.83,1139,5632,3395.6936,4534.6936000000005,0.6072424169979058,446.66600000000005
l,portion_of_7_3,0.2,14,middle,2,20,6,5,5/6,0.83,1126,4855,2865.0736,3991.0736,0.905507709016092,158.04850000000002
l,portion_of_7_3,0.2,14,late,2,20,6,6,6/6,1.0,1177,3204,2427.5080000000003,3604.508,0.1589954159571789,0.0
l,portion_of_7_3,0.2,15,early,2,15,5,0,0/5,0.0,554,1000,914.0729,1468.0729,0.4339430420077406,0.0
l,portion_of_7_3,0.2,15,middle,2,15,5,4,4/5,0.8,766,1957,1206.3614,1972.3614,0.5113852919894271,28.519600000000004
l,portion_of_7_3,0.2,15,late,2,15,5,5,5/5,1.0,842,1686,1118.9652999999998,1960.9653,0.555085250060074,0.0
l,portion_of_7_3,0.2,16,early,2,20,6,5,5/6,0.83,1122,5643,3760.4618,4882.4618,1.283987834001891,206.1685
l,portion_of_7_3,0.2,16,middle,2,20,6,6,6/6,1.0,1344,7705,4494.973599999999,5838.973599999999,0.2157226669951342,517.2811
l,portion_of_7_3,0.2,16,late,2,20,6,6,6/6,1.0,1325,4417,3425.9437,4750.9437,0.0797904169885441,0.0
l,portion_of_7_3,0.2,17,early,2,18,5,5,5/5,1.0,833,3185,2309.0312999999996,3142.0312999999996,0.1570076670031994,335.04089999999997
l,portion_of_7_3,0.2,17,middle,2,18,5,5,5/5,1.0,935,2889,2075.4949,3010.4949,0.107222874998115,158.6529
l,portion_of_7_3,0.2,17,late,2,18,5,5,5/5,1.0,1043,2244,1808.7223000000004,2851.7223000000004,0.0496719580260105,0.0
l,portion_of_7_3,0.2,18,early,2,16,5,3,3/5,0.6,772,2221,1389.6683,2161.6683000000003,0.4606246250332333,145.59580000000005
l,portion_of_7_3,0.2,18,middle,2,16,5,4,4/5,0.8,820,2442,1393.7503000000002,2213.7503,0.27354445803212,50.5623
l,portion_of_7_3,0.2,18,late,2,16,5,5,5/5,1.0,838,1700,1204.9979,2042.9979,0.0876875829999335,0.0
l,portion_of_7_3,0.2,19,early,2,17,5,1,1/5,0.2,686,2121,1905.9196,2591.9196,0.4235163339762948,314.48830000000004
l,portion_of_7_3,0.2,19,middle,2,17,5,5,5/5,1.0,906,3269,1915.2493,2821.2493000000004,0.0836017499677836,134.0821
l,portion_of_7_3,0.2,19,late,2,17,5,5,5/5,1.0,897,2407,1712.9426,2609.9426000000003,0.0980321670067496,27.200000000000003
l,portion_of_7_3,0.2,20,early,2,16,5,1,1/5,0.2,761,2103,1692.5674,2453.5674,0.9427087500225751,60.51579999999994
l,portion_of_7_3,0.2,20,middle,2,16,5,5,5/5,1.0,1032,2908,1707.5159999999998,2739.5159999999996,0.1253102920018136,-28.5713
l,portion_of_7_3,0.2,20,late,2,16,5,5,5/5,1.0,1055,2298,1615.9555,2670.9555,0.06424708297709,0.0
l,portion_of_7_3,0.5,1,early,2,20,6,6,6/6,1.0,1337,6692,4587.6523,5924.6523,0.2425045410054735,712.1196
l,portion_of_7_3,0.5,1,middle,2,20,6,6,6/6,1.0,1374,6576,4655.5089,6029.5089,0.1238342089927755,910.6021
l,portion_of_7_3,0.5,1,late,2,20,6,6,6/6,1.0,1331,4430,3539.6730000000007,4870.673000000001,0.118058500054758,53.034800000000004
l,portion_of_7_3,0.5,2,early,2,17,5,5,5/5,1.0,1162,5128,3213.5716,4375.571599999999,0.1816077079856768,-438.9045000000001
l,portion_of_7_3,0.5,2,middle,2,17,5,5,5/5,1.0,1340,6207,4044.4339,5384.4339,0.1728774580406025,307.8389
l,portion_of_7_3,0.5,2,late,2,17,5,5,5/5,1.0,1252,4127,3243.2493999999997,4495.2494,0.1083169169723987,-39.672
l,portion_of_7_3,0.5,3,early,2,20,6,6,6/6,1.0,1197,6223,3691.4287,4888.4287,0.2139254999929107,41.893
l,portion_of_7_3,0.5,3,middle,2,20,6,6,6/6,1.0,1239,5900,3805.6535,5044.6535,0.166026166989468,297.7769
l,portion_of_7_3,0.5,3,late,2,20,6,6,6/6,1.0,1219,4932,3211.7823999999996,4430.7824,0.1213324170093983,-153.6738
l,portion_of_7_3,0.5,4,early,2,20,6,6,6/6,1.0,955,5122,3395.6175000000003,4350.6175,0.2502688330132514,881.5109
l,portion_of_7_3,0.5,4,middle,2,20,6,6,6/6,1.0,1003,4349,2512.3857999999996,3515.3857999999996,0.1477097910246811,177.8455
l,portion_of_7_3,0.5,4,late,2,20,6,6,6/6,1.0,963,3215,2176.8821999999996,3139.8821999999996,0.1270090829930268,87.15979999999999
l,portion_of_7_3,0.5,5,early,2,16,5,5,5/5,1.0,992,4147,2564.4430999999995,3556.4430999999995,0.1108338329941034,422.0633
l,portion_of_7_3,0.5,5,middle,2,16,5,5,5/5,1.0,977,3543,2085.5398,3062.5398,0.1427989160292782,-4.443
l,portion_of_7_3,0.5,5,late,2,16,5,5,5/5,1.0,997,2399,1738.3727,2735.3727,0.1161472909734584,0.0
l,portion_of_7_3,0.5,6,early,2,16,5,5,5/5,1.0,1024,3847,2462.2316,3486.2316,0.1463182500447146,387.1449
l,portion_of_7_3,0.5,6,middle,2,16,5,5,5/5,1.0,985,2964,1952.4196,2937.4196,0.1149179160129278,0.2511000000000081
l,portion_of_7_3,0.5,6,late,2,16,5,5,5/5,1.0,1056,2166,1778.8802,2834.8802,0.055156042042654,0.0
l,portion_of_7_3,0.5,7,early,2,19,6,6,6/6,1.0,1149,6645,4244.7649,5393.7649,1.608720500022173,954.3460999999999
l,portion_of_7_3,0.5,7,middle,2,19,6,6,6/6,1.0,1136,4647,3358.7246000000005,4494.7246000000005,0.181102332950104,622.4311
l,portion_of_7_3,0.5,7,late,2,19,6,6,6/6,1.0,1260,3013,2492.3217000000004,3752.3217,0.0803022499894723,0.0
l,portion_of_7_3,0.5,8,early,2,19,6,5,5/6,0.83,839,3141,2697.7266999999993,3536.7266999999993,0.7407212919788435,776.0215
l,portion_of_7_3,0.5,8,middle,2,19,6,6,6/6,1.0,881,3028,2158.7459,3039.7459,0.1042507499805651,96.553
l,portion_of_7_3,0.5,8,late,2,19,6,6,6/6,1.0,895,3099,2119.02,3014.02,0.1416609580046497,81.77459999999999
l,portion_of_7_3,0.5,9,early,2,18,5,5,5/5,1.0,1087,4603,2875.2777,3962.2777,0.1833742909948341,505.1555
l,portion_of_7_3,0.5,9,middle,2,18,5,5,5/5,1.0,1107,4102,2435.8426999999997,3542.8426999999997,0.1326968750217929,8.498999999999999
l,portion_of_7_3,0.5,9,late,2,18,5,5,5/5,1.0,1062,3358,2297.273999999999,3359.273999999999,0.1208620420075021,8.498999999999999
l,portion_of_7_3,0.5,10,early,2,18,5,4,4/5,0.8,819,3051,2199.1258000000003,3018.1258000000003,0.7971827499568462,283.8873
l,portion_of_7_3,0.5,10,middle,2,18,5,5,5/5,1.0,927,3182,2093.6792,3020.6792,0.1234687499818392,134.8235
l,portion_of_7_3,0.5,10,late,2,18,5,5,5/5,1.0,881,2654,1899.9096,2780.9096,0.0977949170046486,4.1915000000000004
l,portion_of_7_3,0.5,11,early,2,17,5,4,4/5,0.8,988,3916,2616.932,3604.932,0.3582973330048844,505.2788
l,portion_of_7_3,0.5,11,middle,2,17,5,5,5/5,1.0,1022,3764,2191.3607,3213.3607,0.1226779579883441,22.1032
l,portion_of_7_3,0.5,11,late,2,17,5,5,5/5,1.0,974,2801,2036.7193,3010.7193,0.1040431669680401,75.852
l,portion_of_7_3,0.5,12,early,2,19,6,4,4/6,0.67,1030,4551,3407.520400000001,4437.520400000001,3.932714333990589,882.3659
l,portion_of_7_3,0.5,12,middle,2,19,6,6,6/6,1.0,1219,4674,2776.3878000000004,3995.3878,0.1428857499849982,4.8285
l,portion_of_7_3,0.5,12,late,2,19,6,6,6/6,1.0,1162,3416,2571.9843,3733.9843,0.1229236670187674,36.6919
l,portion_of_7_3,0.5,13,early,2,20,6,6,6/6,1.0,1124,5862,3355.214099999999,4479.214099999999,0.1399305000086315,814.5145
l,portion_of_7_3,0.5,13,middle,2,20,6,6,6/6,1.0,1139,4415,2607.0398,3746.0398,0.2255510410177521,123.6507
l,portion_of_7_3,0.5,13,late,2,20,6,6,6/6,1.0,1166,3856,2371.9442,3537.9442,0.1655056659947149,12.871500000000001
l,portion_of_7_3,0.5,14,early,2,20,6,6,6/6,1.0,1206,6524,3749.7299,4955.7299,0.1386432499857619,822.2006999999999
l,portion_of_7_3,0.5,14,middle,2,20,6,6,6/6,1.0,1246,5875,3740.4896,4986.4896,0.1971407090313732,973.1646000000001
l,portion_of_7_3,0.5,14,late,2,20,6,6,6/6,1.0,1177,3204,2427.5080000000003,3604.508,0.1148662089835852,0.0
l,portion_of_7_3,0.5,15,early,2,15,5,2,2/5,0.4,713,2271,1545.8182,2258.8181999999997,1.583010708040092,396.9894
l,portion_of_7_3,0.5,15,middle,2,15,5,5,5/5,1.0,818,2256,1418.5616000000002,2236.5616,0.1280787499854341,205.03459999999998
l,portion_of_7_3,0.5,15,late,2,15,5,5,5/5,1.0,842,1686,1118.9652999999998,1960.9653,0.5523008330492303,0.0
l,portion_of_7_3,0.5,16,early,2,20,6,6,6/6,1.0,1240,7150,4552.681,5792.681,0.250234208011534,705.1044999999999
l,portion_of_7_3,0.5,16,middle,2,20,6,6,6/6,1.0,1344,7705,4494.973599999999,5838.973599999999,0.2219950000289827,517.2811
l,portion_of_7_3,0.5,16,late,2,20,6,6,6/6,1.0,1325,4417,3425.9437,4750.9437,0.0823592499946244,0.0
l,portion_of_7_3,0.5,17,early,2,18,5,5,5/5,1.0,833,3185,2309.0312999999996,3142.0312999999996,0.1613731250399723,335.04089999999997
l,portion_of_7_3,0.5,17,middle,2,18,5,5,5/5,1.0,935,2889,2075.4949,3010.4949,0.1538017080165445,158.6529
l,portion_of_7_3,0.5,17,late,2,18,5,5,5/5,1.0,1043,2244,1808.7223000000004,2851.7223000000004,0.0501078750239685,0.0
l,portion_of_7_3,0.5,18,early,2,16,5,4,4/5,0.8,871,2831,1696.9414000000002,2567.9414,0.3121169999940321,379.6334
l,portion_of_7_3,0.5,18,middle,2,16,5,5,5/5,1.0,935,3132,1840.272,2775.272,0.0863119169953279,459.33209999999997
l,portion_of_7_3,0.5,18,late,2,16,5,5,5/5,1.0,838,1700,1204.9979,2042.9979,0.0938491669949144,0.0
l,portion_of_7_3,0.5,19,early,2,17,5,4,4/5,0.8,886,3743,2353.8353999999995,3239.8353999999995,0.7357447079848498,575.1950000000002
l,portion_of_7_3,0.5,19,middle,2,17,5,5,5/5,1.0,906,3269,1915.2493,2821.2493000000004,0.0862220000126399,134.0821
l,portion_of_7_3,0.5,19,late,2,17,5,5,5/5,1.0,897,2407,1712.9426,2609.9426000000003,0.1436879580141976,27.200000000000003
l,portion_of_7_3,0.5,20,early,2,16,5,4,4/5,0.8,959,3585,2331.1904999999997,3290.1904999999997,0.4745461249840446,621.9579
l,portion_of_7_3,0.5,20,middle,2,16,5,5,5/5,1.0,1032,2908,1707.5159999999998,2739.5159999999996,0.1685143749928102,-28.5713
l,portion_of_7_3,0.5,20,late,2,16,5,5,5/5,1.0,1055,2298,1615.9555,2670.9555,0.0626781660248525,0.0
l,same_costs,0.1,1,early,2,20,10,9,9/10,0.9,1034,4364,4364.0,5398.0,0.6196280000149272,42.0
l,same_costs,0.1,1,middle,2,20,10,8,8/10,0.8,1094,4324,4324.0,5418.0,4.948363874980714,133.0
l,same_costs,0.1,1,late,2,20,10,10,10/10,1.0,1231,4048,4048.0,5279.0,0.1344854580238461,0.0
l,same_costs,0.1,2,early,2,15,7,6,6/7,0.86,990,4001,4001.0,4991.0,0.8479308749665506,24.0
l,same_costs,0.1,2,middle,2,15,7,6,6/7,0.86,978,3350,3350.0,4328.0,0.5563359160441905,151.0
l,same_costs,0.1,2,late,2,15,7,7,7/7,1.0,1080,2850,2850.0,3930.0,0.0874304579920135,0.0
l,same_costs,0.1,3,early,2,17,9,4,4/9,0.44,656,1554,1554.0,2210.0,1.4398275829735212,53.0
l,same_costs,0.1,3,middle,2,17,9,6,6/9,0.67,805,2198,2198.0,3003.0,7.203795791021548,66.0
l,same_costs,0.1,3,late,2,17,9,9,9/9,1.0,936,2003,2003.0,2939.0,0.1566381249576807,0.0
l,same_costs,0.1,4,early,2,15,7,3,3/7,0.43,790,2348,2348.0,3138.0,1.492901541991159,136.0
l,same_costs,0.1,4,middle,2,15,7,5,5/7,0.71,828,2520,2520.0,3348.0,1.3529412089847028,75.0
l,same_costs,0.1,4,late,2,15,7,7,7/7,1.0,923,2836,2836.0,3759.0,0.10518241598038,86.0
l,same_costs,0.1,5,early,2,20,10,3,3/10,0.3,920,2694,2694.0,3614.0,2.159124416008126,118.0
l,same_costs,0.1,5,middle,2,20,10,8,8/10,0.8,1289,5529,5529.0,6818.0,4.279036541993264,82.0
l,same_costs,0.1,5,late,2,20,10,10,10/10,1.0,1472,4526,4526.0,5998.0,0.2257724580122158,0.0
l,same_costs,0.1,6,early,2,20,10,4,4/10,0.4,863,2191,2191.0,3054.0,6.7829229579656385,81.0
l,same_costs,0.1,6,middle,2,20,10,8,8/10,0.8,1016,3502,3502.0,4518.0,5.476029874989763,109.0
l,same_costs,0.1,6,late,2,20,10,10,10/10,1.0,1343,3899,3899.0,5242.0,0.1287331249914132,0.0
l,same_costs,0.1,7,early,2,19,9,2,2/9,0.22,591,1611,1611.0,2202.0,0.2934322080109268,27.0
l,same_costs,0.1,7,middle,2,19,9,8,8/9,0.89,859,2482,2482.0,3341.0,0.5943981250165962,117.0
l,same_costs,0.1,7,late,2,19,9,9,9/9,1.0,954,2297,2297.0,3251.0,0.0929354160325601,0.0
l,same_costs,0.1,8,early,2,19,9,1,1/9,0.11,785,2309,2309.0,3094.0,0.3287485829787329,141.0
l,same_costs,0.1,8,middle,2,19,9,5,5/9,0.56,954,3138,3138.0,4092.0,5.9362828329904005,119.0
l,same_costs,0.1,8,late,2,19,9,9,9/9,1.0,1249,3483,3483.0,4732.0,0.1706946669728495,0.0
l,same_costs,0.1,9,early,2,19,9,3,3/9,0.33,691,1880,1880.0,2571.0,5.898225291981362,18.0
l,same_costs,0.1,9,middle,2,19,9,8,8/9,0.89,1173,4547,4547.0,5720.0,1.0124073749757372,142.0
l,same_costs,0.1,9,late,2,19,9,9,9/9,1.0,1258,4638,4638.0,5896.0,0.2100179580156691,16.0
l,same_costs,0.1,10,early,2,20,10,2,2/10,0.2,762,2622,2622.0,3384.0,1.4321292079985142,191.0
l,same_costs,0.1,10,middle,2,20,10,4,4/10,0.4,952,3153,3153.0,4105.0,5.553266667004209,193.0
l,same_costs,0.1,10,late,2,20,10,10,10/10,1.0,1326,4193,4193.0,5519.0,0.0929838750162161,0.0
l,same_costs,0.1,11,early,2,17,9,3,3/9,0.33,718,1520,1520.0,2238.0,1.8947285420144908,92.0
l,same_costs,0.1,11,middle,2,17,9,7,7/9,0.78,1019,2733,2733.0,3752.0,1.333763959002681,15.0
l,same_costs,0.1,11,late,2,17,9,9,9/9,1.0,1179,3219,3219.0,4398.0,0.1461846659658476,70.0
l,same_costs,0.1,12,early,2,15,7,3,3/7,0.43,729,2082,2082.0,2811.0,2.086920875008218,97.0
l,same_costs,0.1,12,middle,2,15,7,5,5/7,0.71,839,2133,2133.0,2972.0,1.8177129999967292,117.0
l,same_costs,0.1,12,late,2,15,7,7,7/7,1.0,919,2110,2110.0,3029.0,0.0970475840149447,0.0
l,same_costs,0.1,13,early,2,20,10,2,2/10,0.2,683,1686,1686.0,2369.0,2.2795165000134148,-83.0
l,same_costs,0.1,13,middle,2,20,10,6,6/10,0.6,976,3059,3059.0,4035.0,10.475911459012424,99.0
l,same_costs,0.1,13,late,2,20,10,10,10/10,1.0,1246,4639,4639.0,5885.0,0.181685917021241,30.0
l,same_costs,0.1,14,middle,2,20,10,7,7/10,0.7,924,3478,3478.0,4402.0,7.463169207971077,98.0
l,same_costs,0.1,14,late,2,20,10,10,10/10,1.0,1244,3698,3698.0,4942.0,0.1196466659894213,0.0
l,same_costs,0.1,15,middle,2,15,7,3,3/7,0.43,492,943,943.0,1435.0,0.6288774999557063,-5.0
l,same_costs,0.1,15,late,2,15,7,7,7/7,1.0,776,1272,1272.0,2048.0,0.0482208749745041,0.0
l,same_costs,0.1,16,early,2,17,9,4,4/9,0.44,654,1464,1464.0,2118.0,5.525999124976806,-24.0
l,same_costs,0.1,16,middle,2,17,9,9,9/9,1.0,1133,3426,3426.0,4559.0,0.0769173339940607,20.0
l,same_costs,0.1,16,late,2,17,9,9,9/9,1.0,1205,3034,3034.0,4239.0,0.0715949999867007,0.0
l,same_costs,0.1,17,early,2,20,10,3,3/10,0.3,736,2559,2559.0,3295.0,14.840924832969904,96.0
l,same_costs,0.1,17,late,2,20,10,10,10/10,1.0,1134,3345,3345.0,4479.0,0.1829106250079348,59.0
l,same_costs,0.1,18,early,2,17,9,0,0/9,0.0,415,597,597.0,1012.0,0.2284196249675005,0.0
l,same_costs,0.1,18,middle,2,17,9,9,9/9,1.0,966,2753,2753.0,3719.0,0.0733480409835465,31.0
l,same_costs,0.1,18,late,2,17,9,9,9/9,1.0,930,2146,2146.0,3076.0,0.1138290420058183,0.0
l,same_costs,0.1,19,early,2,15,7,6,6/7,0.86,923,4101,4101.0,5024.0,6.921779958996922,123.0
l,same_costs,0.1,19,middle,2,15,7,7,7/7,1.0,984,3089,3089.0,4073.0,0.137903000053484,-104.0
l,same_costs,0.1,19,late,2,15,7,7,7/7,1.0,1104,2961,2961.0,4065.0,0.1202838749741204,95.0
l,same_costs,0.1,20,early,2,16,8,5,5/8,0.62,719,2237,2237.0,2956.0,6.995721790997777,91.0
l,same_costs,0.1,20,middle,2,16,8,7,7/8,0.88,769,2230,2230.0,2999.0,0.5432785830344073,94.0
l,same_costs,0.1,20,late,2,16,8,7,7/8,0.88,784,1862,1862.0,2646.0,0.450861666991841,18.0
l,same_costs,0.2,1,early,2,20,10,9,9/10,0.9,1034,4364,4364.0,5398.0,0.5810024999664165,42.0
l,same_costs,0.2,1,middle,2,20,10,8,8/10,0.8,998,3929,3929.0,4927.0,5.067754457995761,295.0
l,same_costs,0.2,1,late,2,20,10,10,10/10,1.0,1231,4048,4048.0,5279.0,0.1889661660534329,0.0
l,same_costs,0.2,2,early,2,15,7,6,6/7,0.86,990,4001,4001.0,4991.0,0.7976728329667822,24.0
l,same_costs,0.2,2,middle,2,15,7,6,6/7,0.86,984,3335,3335.0,4319.0,0.6015657079988159,202.0
l,same_costs,0.2,2,late,2,15,7,7,7/7,1.0,1080,2850,2850.0,3930.0,0.0850981670082546,0.0
l,same_costs,0.2,3,early,2,17,9,6,6/9,0.67,806,2744,2744.0,3550.0,3.300109292031266,130.0
l,same_costs,0.2,3,middle,2,17,9,7,7/9,0.78,844,2455,2455.0,3299.0,3.5690677919774316,104.0
l,same_costs,0.2,3,late,2,17,9,9,9/9,1.0,936,2003,2003.0,2939.0,0.1095912500168196,0.0
l,same_costs,0.2,4,early,2,15,7,5,5/7,0.71,865,3397,3397.0,4262.0,2.581284624990076,172.0
l,same_costs,0.2,4,middle,2,15,7,6,6/7,0.86,864,2981,2981.0,3845.0,0.5416551670059562,268.0
l,same_costs,0.2,4,late,2,15,7,7,7/7,1.0,923,2836,2836.0,3759.0,0.1055299169966019,86.0
l,same_costs,0.2,5,early,2,20,10,8,8/10,0.8,1287,5604,5604.0,6891.0,2.241460040968377,298.0
l,same_costs,0.2,5,middle,2,20,10,9,9/10,0.9,1412,6408,6408.0,7820.0,1.335929249995388,325.0
l,same_costs,0.2,5,late,2,20,10,10,10/10,1.0,1472,4526,4526.0,5998.0,0.1518853329471312,0.0
l,same_costs,0.2,6,early,2,20,10,2,2/10,0.2,778,1992,1992.0,2770.0,3.850784958922304,179.0
l,same_costs,0.2,6,middle,2,20,10,9,9/10,0.9,1168,4367,4367.0,5535.0,1.150484542013146,155.0
l,same_costs,0.2,6,late,2,20,10,10,10/10,1.0,1343,3899,3899.0,5242.0,0.0787737910286523,0.0
l,same_costs,0.2,7,early,2,19,9,4,4/9,0.44,619,1914,1914.0,2533.0,2.571772708965,178.0
l,same_costs,0.2,7,middle,2,19,9,9,9/9,1.0,902,2730,2730.0,3632.0,0.1118921249872073,223.0
l,same_costs,0.2,7,late,2,19,9,9,9/9,1.0,954,2297,2297.0,3251.0,0.0936839170171879,0.0
l,same_costs,0.2,8,early,2,19,9,2,2/9,0.22,833,2280,2280.0,3113.0,0.6504807499586605,283.0
l,same_costs,0.2,8,middle,2,19,9,6,6/9,0.67,963,3282,3282.0,4245.0,11.793567833025008,285.0
l,same_costs,0.2,8,late,2,19,9,9,9/9,1.0,1249,3483,3483.0,4732.0,0.1217381249880418,0.0
l,same_costs,0.2,9,early,2,19,9,4,4/9,0.44,757,2063,2063.0,2820.0,8.303375167015474,252.0
l,same_costs,0.2,9,middle,2,19,9,9,9/9,1.0,1238,5384,5384.0,6622.0,0.1800946249859407,167.0
l,same_costs,0.2,9,late,2,19,9,9,9/9,1.0,1258,4638,4638.0,5896.0,0.1627283340203575,16.0
l,same_costs,0.2,10,early,2,20,10,3,3/10,0.3,775,2681,2681.0,3456.0,4.857347124954686,237.0
l,same_costs,0.2,10,middle,2,20,10,8,8/10,0.8,1180,5390,5390.0,6570.0,6.002503791998606,398.0
l,same_costs,0.2,10,late,2,20,10,10,10/10,1.0,1326,4193,4193.0,5519.0,0.0937769170268438,0.0
l,same_costs,0.2,11,early,2,17,9,4,4/9,0.44,775,1754,1754.0,2529.0,4.152521083015017,-108.0
l,same_costs,0.2,11,middle,2,17,9,8,8/9,0.89,1139,3331,3331.0,4470.0,0.8357684590155259,155.0
l,same_costs,0.2,11,late,2,17,9,9,9/9,1.0,1179,3219,3219.0,4398.0,0.1437323749996721,70.0
l,same_costs,0.2,12,early,2,15,7,5,5/7,0.71,877,3385,3385.0,4262.0,2.0647358329733834,250.0
l,same_costs,0.2,12,middle,2,15,7,7,7/7,1.0,918,2991,2991.0,3909.0,0.1087960409931838,176.0
l,same_costs,0.2,12,late,2,15,7,7,7/7,1.0,919,2110,2110.0,3029.0,0.080243167001754,0.0
l,same_costs,0.2,13,early,2,20,10,4,4/10,0.4,861,2713,2713.0,3574.0,7.752469292026944,114.0
l,same_costs,0.2,13,middle,2,20,10,9,9/10,0.9,1122,4295,4295.0,5417.0,1.133413749979809,272.0
l,same_costs,0.2,13,late,2,20,10,10,10/10,1.0,1246,4639,4639.0,5885.0,0.1568901250138878,30.0
l,same_costs,0.2,14,middle,2,20,10,8,8/10,0.8,959,3657,3657.0,4616.0,5.761136291956063,208.0
l,same_costs,0.2,14,late,2,20,10,10,10/10,1.0,1244,3698,3698.0,4942.0,0.0701577080180868,0.0
l,same_costs,0.2,15,middle,2,15,7,4,4/7,0.57,543,1053,1053.0,1596.0,1.3297398339491338,73.0
l,same_costs,0.2,15,late,2,15,7,7,7/7,1.0,776,1272,1272.0,2048.0,0.0487555839936248,0.0
l,same_costs,0.2,16,early,2,17,9,6,6/9,0.67,912,2592,2592.0,3504.0,4.287174541968852,93.0
l,same_costs,0.2,16,middle,2,17,9,9,9/9,1.0,1133,3426,3426.0,4559.0,0.072522124974057,20.0
l,same_costs,0.2,16,late,2,17,9,9,9/9,1.0,1205,3034,3034.0,4239.0,0.068095542024821,0.0
l,same_costs,0.2,17,early,2,20,10,4,4/10,0.4,794,2476,2476.0,3270.0,49.91323816694785,217.0
l,same_costs,0.2,17,late,2,20,10,10,10/10,1.0,1134,3345,3345.0,4479.0,0.1161784160067327,59.0
l,same_costs,0.2,18,early,2,17,9,1,1/9,0.11,463,734,734.0,1197.0,0.479992915992625,89.0
l,same_costs,0.2,18,middle,2,17,9,9,9/9,1.0,966,2753,2753.0,3719.0,0.0723735420033335,31.0
l,same_costs,0.2,18,late,2,17,9,9,9/9,1.0,930,2146,2146.0,3076.0,0.114300874993205,0.0
l,same_costs,0.2,19,early,2,15,7,6,6/7,0.86,923,4101,4101.0,5024.0,6.954655917012133,123.0
l,same_costs,0.2,19,middle,2,15,7,7,7/7,1.0,984,3089,3089.0,4073.0,0.1355294589884579,-104.0
l,same_costs,0.2,19,late,2,15,7,7,7/7,1.0,1104,2961,2961.0,4065.0,0.11820395803079,95.0
l,same_costs,0.2,20,early,2,16,8,7,7/8,0.88,813,3101,3101.0,3914.0,1.1829325419967065,222.0
l,same_costs,0.2,20,middle,2,16,8,8,8/8,1.0,902,2901,2901.0,3803.0,0.1099825410055928,159.0
l,same_costs,0.2,20,late,2,16,8,8,8/8,1.0,836,2294,2294.0,3130.0,0.1026433340157382,139.0
l,same_costs,0.5,1,early,2,20,10,9,9/10,0.9,1034,4364,4364.0,5398.0,0.5739535000175238,42.0
l,same_costs,0.5,1,middle,2,20,10,10,10/10,1.0,1233,5894,5894.0,7127.0,0.1665063750115223,719.0
l,same_costs,0.5,1,late,2,20,10,10,10/10,1.0,1231,4048,4048.0,5279.0,0.1353743330109864,0.0
l,same_costs,0.5,2,early,2,15,7,7,7/7,1.0,1002,4014,4014.0,5016.0,0.1525901249842718,682.0
l,same_costs,0.5,2,middle,2,15,7,7,7/7,1.0,1036,3764,3764.0,4800.0,0.1154270410188473,483.0
l,same_costs,0.5,2,late,2,15,7,7,7/7,1.0,1080,2850,2850.0,3930.0,0.0879989590030163,0.0
l,same_costs,0.5,3,early,2,17,9,7,7/9,0.78,803,2792,2792.0,3595.0,3.132581375015434,426.0
l,same_costs,0.5,3,middle,2,17,9,9,9/9,1.0,984,3400,3400.0,4384.0,0.1475267919595353,374.0
l,same_costs,0.5,3,late,2,17,9,9,9/9,1.0,936,2003,2003.0,2939.0,0.1564050409942865,0.0
l,same_costs,0.5,4,early,2,15,7,6,6/7,0.86,870,3146,3146.0,4016.0,1.0025315000093542,457.0
l,same_costs,0.5,4,middle,2,15,7,7,7/7,1.0,965,3436,3436.0,4401.0,0.1194216670119203,379.0
l,same_costs,0.5,4,late,2,15,7,7,7/7,1.0,923,2836,2836.0,3759.0,0.1088742080028168,86.0
l,same_costs,0.5,5,early,2,20,10,9,9/10,0.9,1370,6584,6584.0,7954.0,0.8159372920054011,606.0
l,same_costs,0.5,5,middle,2,20,10,10,10/10,1.0,1418,6509,6509.0,7927.0,0.2047048750100657,568.0
l,same_costs,0.5,5,late,2,20,10,10,10/10,1.0,1472,4526,4526.0,5998.0,0.1530017500044778,0.0
l,same_costs,0.5,6,middle,2,20,10,10,10/10,1.0,1250,5201,5201.0,6451.0,0.1710805830080062,337.0
l,same_costs,0.5,6,late,2,20,10,10,10/10,1.0,1343,3899,3899.0,5242.0,0.080409416987095,0.0
l,same_costs,0.5,7,early,2,19,9,8,8/9,0.89,808,3251,3251.0,4059.0,0.431917332985904,632.0
l,same_costs,0.5,7,middle,2,19,9,9,9/9,1.0,902,2730,2730.0,3632.0,0.1122357500134967,223.0
l,same_costs,0.5,7,late,2,19,9,9,9/9,1.0,954,2297,2297.0,3251.0,0.140631582995411,0.0
l,same_costs,0.5,8,early,2,19,9,6,6/9,0.67,1080,4167,4167.0,5247.0,8.539424667018466,787.0
l,same_costs,0.5,8,middle,2,19,9,9,9/9,1.0,1247,4965,4965.0,6212.0,0.217554958013352,773.0
l,same_costs,0.5,8,late,2,19,9,9,9/9,1.0,1249,3483,3483.0,4732.0,0.1237214159918949,0.0
l,same_costs,0.5,9,early,2,19,9,7,7/9,0.78,995,3632,3632.0,4627.0,5.731078542012256,254.0
l,same_costs,0.5,9,middle,2,19,9,9,9/9,1.0,1238,5384,5384.0,6622.0,0.1808078750036656,167.0
l,same_costs,0.5,9,late,2,19,9,9,9/9,1.0,1258,4638,4638.0,5896.0,0.1643236249801702,16.0
l,same_costs,0.5,10,early,2,20,10,8,8/10,0.8,1137,5630,5630.0,6767.0,3.7955938749946654,777.0
l,same_costs,0.5,10,middle,2,20,10,9,9/10,0.9,1231,5538,5538.0,6769.0,1.2732125420006923,908.0
l,same_costs,0.5,10,late,2,20,10,10,10/10,1.0,1326,4193,4193.0,5519.0,0.1385391670046374,0.0
l,same_costs,0.5,11,early,2,17,9,6,6/9,0.67,905,2780,2780.0,3685.0,7.103707750036847,427.0
l,same_costs,0.5,11,middle,2,17,9,9,9/9,1.0,1196,3787,3787.0,4983.0,0.152311332989484,375.0
l,same_costs,0.5,11,late,2,17,9,9,9/9,1.0,1179,3219,3219.0,4398.0,0.143919583002571,70.0
l,same_costs,0.5,12,early,2,15,7,6,6/7,0.86,832,3050,3050.0,3882.0,0.7309846669668332,543.0
l,same_costs,0.5,12,middle,2,15,7,7,7/7,1.0,918,2991,2991.0,3909.0,0.1097622090019285,176.0
l,same_costs,0.5,12,late,2,15,7,7,7/7,1.0,919,2110,2110.0,3029.0,0.1285826659877784,0.0
l,same_costs,0.5,13,early,2,20,10,8,8/10,0.8,1004,4311,4311.0,5315.0,8.976671208976768,553.0
l,same_costs,0.5,13,middle,2,20,10,10,10/10,1.0,1231,5340,5340.0,6571.0,0.1896974160335958,466.0
l,same_costs,0.5,13,late,2,20,10,10,10/10,1.0,1246,4639,4639.0,5885.0,0.1586894579813815,30.0
l,same_costs,0.5,14,middle,2,20,10,10,10/10,1.0,1085,4774,4774.0,5859.0,0.2246037079603411,587.0
l,same_costs,0.5,14,late,2,20,10,10,10/10,1.0,1244,3698,3698.0,4942.0,0.0700340420007705,0.0
l,same_costs,0.5,15,middle,2,15,7,6,6/7,0.86,634,1563,1563.0,2197.0,0.5047143339761533,295.0
l,same_costs,0.5,15,late,2,15,7,7,7/7,1.0,776,1272,1272.0,2048.0,0.0505515839904546,0.0
l,same_costs,0.5,16,early,2,17,9,8,8/9,0.89,957,3010,3010.0,3967.0,0.5762568339705467,229.0
l,same_costs,0.5,16,middle,2,17,9,9,9/9,1.0,1133,3426,3426.0,4559.0,0.072824542003218,20.0
l,same_costs,0.5,16,late,2,17,9,9,9/9,1.0,1205,3034,3034.0,4239.0,0.0694041670067235,0.0
l,same_costs,0.5,17,early,2,20,10,7,7/10,0.7,917,3637,3637.0,4554.0,139.2150867920136,680.0
l,same_costs,0.5,17,late,2,20,10,10,10/10,1.0,1134,3345,3345.0,4479.0,0.1632057499955408,59.0
l,same_costs,0.5,18,early,2,17,9,3,3/9,0.33,600,1260,1260.0,1860.0,1.7352017499506474,226.0
l,same_costs,0.5,18,middle,2,17,9,9,9/9,1.0,966,2753,2753.0,3719.0,0.072823624999728,31.0
l,same_costs,0.5,18,late,2,17,9,9,9/9,1.0,930,2146,2146.0,3076.0,0.1143444580375216,0.0
l,same_costs,0.5,19,early,2,15,7,7,7/7,1.0,1059,5055,5055.0,6114.0,1.3182177500566468,572.0
l,same_costs,0.5,19,middle,2,15,7,7,7/7,1.0,984,3089,3089.0,4073.0,0.1343070839648135,-104.0
l,same_costs,0.5,19,late,2,15,7,7,7/7,1.0,1104,2961,2961.0,4065.0,0.1628634589724242,95.0
l,same_costs,0.5,20,early,2,16,8,7,7/8,0.88,787,2860,2860.0,3647.0,1.1596322919940576,458.0
l,same_costs,0.5,20,middle,2,16,8,8,8/8,1.0,902,2901,2901.0,3803.0,0.1090008749742992,159.0
l,same_costs,0.5,20,late,2,16,8,8,8/8,1.0,836,2294,2294.0,3130.0,0.0999859159928746,139.0
m,portion_of_3_7,0.1,1,early,2,9,6,6,6/6,1.0,371,697,214.5322,585.5322,3.2463743330008583,-41.363399999999984
m,portion_of_3_7,0.1,1,middle,2,9,6,6,6/6,1.0,422,967,285.56359999999995,707.5636,3.5604040420003003,-24.157
m,portion_of_3_7,0.1,1,late,2,9,6,6,6/6,1.0,405,738,248.5116,653.5116,3.374198957986664,0.0
m,portion_of_3_7,0.1,2,early,2,10,7,0,0/7,0.0,228,149,138.5759,366.5759,10.452960374997929,0.0
m,portion_of_3_7,0.1,2,middle,2,10,7,6,6/7,0.86,664,1351,427.8765,1091.8765,13.119353125002815,0.0
m,portion_of_3_7,0.1,2,late,2,10,7,6,6/7,0.86,626,1057,374.2063,1000.2063,12.990324790996963,0.0
m,portion_of_3_7,0.1,3,early,2,8,6,3,3/6,0.5,225,84,13.2488,238.2488,11.510099083010571,0.0
m,portion_of_3_7,0.1,3,middle,2,8,6,6,6/6,1.0,403,620,130.03609999999998,533.0361,3.1519424169964623,0.0
m,portion_of_3_7,0.1,3,late,2,8,6,6,6/6,1.0,429,611,112.59080000000002,541.5908000000001,3.258426500004134,0.0
m,portion_of_3_7,0.1,4,early,2,10,7,2,2/7,0.29,342,366,112.4271,454.4271,12.22378283299622,0.0
m,portion_of_3_7,0.1,4,middle,2,10,7,4,4/7,0.57,444,536,185.3347,629.3347,35.90581233300327,4.6785
m,portion_of_3_7,0.1,4,late,2,10,7,7,7/7,1.0,627,972,231.4516,858.4516,4.882789374998538,0.0
m,portion_of_3_7,0.1,5,early,2,10,7,4,4/7,0.57,467,735,206.86660000000003,673.8666000000001,24.89338220799982,0.0
m,portion_of_3_7,0.1,5,middle,2,10,7,7,7/7,1.0,578,1233,338.2544,916.2544,4.918170667006052,0.0
m,portion_of_3_7,0.1,5,late,2,10,7,7,7/7,1.0,632,1037,248.3348,880.3348,5.004601666005328,0.0
m,portion_of_3_7,0.1,6,early,2,7,5,3,3/5,0.6,413,575,128.6183,541.6183,25.550143959000707,0.0
m,portion_of_3_7,0.1,6,middle,2,7,5,5,5/5,1.0,479,739,169.3975,648.3975,3.635268083991832,0.0
m,portion_of_3_7,0.1,6,late,2,7,5,2,2/5,0.4,295,155,73.1035,368.1035,8.024357458998566,0.0
m,portion_of_3_7,0.1,7,early,2,10,7,0,0/7,0.0,286,148,140.6592,426.6592,10.276263665989973,0.0
m,portion_of_3_7,0.1,7,middle,2,10,7,2,2/7,0.29,453,348,175.8672,628.8672,12.869828584007337,0.0
m,portion_of_3_7,0.1,7,late,2,10,7,4,4/7,0.57,509,339,174.0315,683.0315,24.294955290999496,11.4048
m,portion_of_3_7,0.1,8,early,2,8,6,6,6/6,1.0,325,777,256.0346,581.0346,2.799768624987337,-30.548499999999997
m,portion_of_3_7,0.1,8,middle,2,8,6,6,6/6,1.0,322,517,195.1035,517.1034999999999,2.773714666996966,0.0
m,portion_of_3_7,0.1,8,late,2,8,6,6,6/6,1.0,364,456,185.1109,549.1109,2.9473693750042003,0.0
m,portion_of_3_7,0.1,9,early,2,9,6,6,6/6,1.0,535,1275,399.3677,934.3677,4.247963417001301,-47.0668
m,portion_of_3_7,0.1,9,middle,2,9,6,6,6/6,1.0,551,925,327.6282,878.6282,4.241070875010337,0.0
m,portion_of_3_7,0.1,9,late,2,9,6,6,6/6,1.0,551,883,319.0447,870.0446999999999,4.198993124999106,0.0
m,portion_of_3_7,0.1,10,early,2,8,6,6,6/6,1.0,243,373,82.1272,325.1272,2.314300917001674,-18.9354
m,portion_of_3_7,0.1,10,middle,2,8,6,6,6/6,1.0,259,331,75.54979999999999,334.5498,2.250337917008437,-18.9354
m,portion_of_3_7,0.1,10,late,2,8,6,6,6/6,1.0,304,332,64.26480000000001,368.2648,2.5111844999919413,0.0
m,portion_of_3_7,0.1,11,early,2,10,7,2,2/7,0.29,314,198,58.7309,372.7309,21.87955562499701,0.0
m,portion_of_3_7,0.1,11,middle,2,10,7,7,7/7,1.0,658,1405,218.7208,876.7208,5.089566458002082,0.0
m,portion_of_3_7,0.1,11,late,2,10,7,7,7/7,1.0,658,1037,157.22589999999997,815.2258999999999,5.113472458004253,0.0
m,portion_of_3_7,0.1,12,early,2,7,5,1,1/5,0.2,193,81,27.719900000000003,220.7199,5.604538582992973,0.0
m,portion_of_3_7,0.1,12,middle,2,7,5,4,4/5,0.8,266,244,69.3007,335.3007,10.251650750011322,0.0
m,portion_of_3_7,0.1,12,late,2,7,5,5,5/5,1.0,322,192,55.5392,377.5392,2.659608832997037,0.0
m,portion_of_3_7,0.1,13,early,2,9,6,5,5/6,0.83,416,717,310.2325,726.2325000000001,9.013984332996188,12.120600000000003
m,portion_of_3_7,0.1,13,middle,2,9,6,5,5/6,0.83,329,541,247.1397,576.1397,15.190192374997425,0.0
m,portion_of_3_7,0.1,13,late,2,9,6,6,6/6,1.0,433,583,258.124,691.124,3.4931872080051107,0.0
m,portion_of_3_7,0.1,14,early,2,9,6,6,6/6,1.0,636,1368,275.97520000000003,911.9752,4.874053708001156,-26.95520000000001
m,portion_of_3_7,0.1,14,middle,2,9,6,6,6/6,1.0,642,1333,321.982,963.982,5.139509457992972,5.2146
m,portion_of_3_7,0.1,14,late,2,9,6,6,6/6,1.0,721,1189,277.6409,998.6409,5.448238666009274,0.0
m,portion_of_3_7,0.1,15,early,2,7,5,5,5/5,1.0,325,499,129.79260000000002,454.7926,2.697232625010656,0.0
m,portion_of_3_7,0.1,15,middle,2,7,5,5,5/5,1.0,344,327,88.73980000000002,432.7398,2.807907750000595,0.0
m,portion_of_3_7,0.1,15,late,2,7,5,5,5/5,1.0,345,295,73.12530000000001,418.1253,2.7347096250014147,0.0
m,portion_of_3_7,0.1,16,early,2,7,5,0,0/5,0.0,153,26,23.2258,176.2258,5.183532750001177,0.0
m,portion_of_3_7,0.1,16,middle,2,7,5,4,4/5,0.8,424,439,75.3878,499.3878,7.34991083299974,0.0
m,portion_of_3_7,0.1,16,late,2,7,5,5,5/5,1.0,490,539,83.9511,573.9511,3.5663560000102734,0.0
m,portion_of_3_7,0.1,17,early,2,10,7,6,6/7,0.86,397,891,276.9561,673.9561,23.35800454200944,-34.7359
m,portion_of_3_7,0.1,17,middle,2,10,7,6,6/7,0.86,477,1028,313.07579999999996,790.0758,24.89015287499933,-41.486000000000004
m,portion_of_3_7,0.1,17,late,2,10,7,7,7/7,1.0,514,881,332.3142,846.3142,4.642378208009177,5.5926
m,portion_of_3_7,0.1,18,early,2,8,6,6,6/6,1.0,386,914,272.505,658.505,3.0431526669999585,-0.28130000000000166
m,portion_of_3_7,0.1,18,middle,2,8,6,6,6/6,1.0,390,593,140.0313,530.0313,3.1644201659946702,0.0
m,portion_of_3_7,0.1,18,late,2,8,6,6,6/6,1.0,397,651,145.6627,542.6627,3.1505814159900183,0.0
m,portion_of_3_7,0.1,19,early,2,8,6,1,1/6,0.17,204,49,10.535,214.535,6.972151708003366,0.0
m,portion_of_3_7,0.1,19,middle,2,8,6,6,6/6,1.0,456,685,189.3756,645.3756000000001,3.5739012910053134,0.0
m,portion_of_3_7,0.1,19,late,2,8,6,6,6/6,1.0,480,692,197.539,677.539,3.636962832999416,0.0
m,portion_of_3_7,0.1,20,early,2,8,6,0,0/6,0.0,138,19,17.267200000000003,155.2672,6.663324459004798,0.0
m,portion_of_3_7,0.1,20,middle,2,8,6,5,5/6,0.83,445,512,74.2365,519.2365,8.928611291994457,0.0
m,portion_of_3_7,0.1,20,late,2,8,6,6,6/6,1.0,496,637,112.0521,608.0521,3.72710241599998,0.0
m,portion_of_3_7,0.2,1,early,2,9,6,6,6/6,1.0,371,697,214.5322,585.5322,3.307144000005792,-41.363399999999984
m,portion_of_3_7,0.2,1,middle,2,9,6,6,6/6,1.0,422,967,285.56359999999995,707.5636,3.595432542002527,-24.157
m,portion_of_3_7,0.2,1,late,2,9,6,6,6/6,1.0,405,738,248.5116,653.5116,3.4123046250024345,0.0
m,portion_of_3_7,0.2,2,early,2,10,7,0,0/7,0.0,228,149,138.5759,366.5759,10.662452542004758,0.0
m,portion_of_3_7,0.2,2,middle,2,10,7,7,7/7,1.0,714,1626,521.8696,1235.8696,5.509777083003428,27.5993
m,portion_of_3_7,0.2,2,late,2,10,7,7,7/7,1.0,709,1480,495.0504,1204.0504,5.441201042005559,27.5993
m,portion_of_3_7,0.2,3,early,2,8,6,3,3/6,0.5,225,84,13.2488,238.2488,11.645157542006928,0.0
m,portion_of_3_7,0.2,3,middle,2,8,6,6,6/6,1.0,403,620,130.03609999999998,533.0361,3.2451393749943236,0.0
m,portion_of_3_7,0.2,3,late,2,8,6,6,6/6,1.0,429,611,112.59080000000002,541.5908000000001,3.3261470419965917,0.0
m,portion_of_3_7,0.2,4,early,2,10,7,2,2/7,0.29,342,366,112.4271,454.4271,12.431415042010483,0.0
m,portion_of_3_7,0.2,4,middle,2,10,7,4,4/7,0.57,444,536,185.3347,629.3347,36.3529947920033,4.6785
m,portion_of_3_7,0.2,4,late,2,10,7,7,7/7,1.0,627,972,231.4516,858.4516,5.042642999993404,0.0
m,portion_of_3_7,0.2,5,early,2,10,7,4,4/7,0.57,467,735,206.86660000000003,673.8666000000001,25.104404166995664,0.0
m,portion_of_3_7,0.2,5,middle,2,10,7,7,7/7,1.0,578,1233,338.2544,916.2544,4.938070666001295,0.0
m,portion_of_3_7,0.2,5,late,2,10,7,7,7/7,1.0,632,1037,248.3348,880.3348,5.010347083007218,0.0
m,portion_of_3_7,0.2,6,early,2,7,5,3,3/5,0.6,413,575,128.6183,541.6183,25.7709045829979,0.0
m,portion_of_3_7,0.2,6,middle,2,7,5,5,5/5,1.0,479,739,169.3975,648.3975,3.594084791999194,0.0
m,portion_of_3_7,0.2,6,late,2,7,5,4,4/5,0.8,458,520,172.9137,630.9137000000001,8.39155087499239,4.7555
m,portion_of_3_7,0.2,7,early,2,10,7,2,2/7,0.29,407,574,224.8654,631.8654,13.006261792004809,25.749899999999997
m,portion_of_3_7,0.2,7,middle,2,10,7,3,3/7,0.43,489,483,226.4205,715.4205,16.814810416995897,20.9088
m,portion_of_3_7,0.2,7,late,2,10,7,7,7/7,1.0,623,847,329.83680000000004,952.8368,4.561053458004608,27.561600000000002
m,portion_of_3_7,0.2,8,early,2,8,6,6,6/6,1.0,325,777,256.0346,581.0346,2.9137337499996647,-30.548499999999997
m,portion_of_3_7,0.2,8,middle,2,8,6,6,6/6,1.0,322,517,195.1035,517.1034999999999,2.7422282500047004,0.0
m,portion_of_3_7,0.2,8,late,2,8,6,6,6/6,1.0,364,456,185.1109,549.1109,2.9662037919915747,0.0
m,portion_of_3_7,0.2,9,early,2,9,6,6,6/6,1.0,535,1275,399.3677,934.3677,4.20707545800542,-47.0668
m,portion_of_3_7,0.2,9,middle,2,9,6,6,6/6,1.0,551,925,327.6282,878.6282,4.22965199999453,0.0
m,portion_of_3_7,0.2,9,late,2,9,6,6,6/6,1.0,551,883,319.0447,870.0446999999999,4.171663750006701,0.0
m,portion_of_3_7,0.2,10,early,2,8,6,6,6/6,1.0,243,373,82.1272,325.1272,2.2789082910021534,-18.9354
m,portion_of_3_7,0.2,10,middle,2,8,6,6,6/6,1.0,259,331,75.54979999999999,334.5498,2.4294740830082446,-18.9354
m,portion_of_3_7,0.2,10,late,2,8,6,6,6/6,1.0,304,332,64.26480000000001,368.2648,2.6585190420009894,0.0
m,portion_of_3_7,0.2,11,early,2,10,7,2,2/7,0.29,314,198,58.7309,372.7309,22.90877449999971,0.0
m,portion_of_3_7,0.2,11,middle,2,10,7,7,7/7,1.0,658,1405,218.7208,876.7208,5.406725124994409,0.0
m,portion_of_3_7,0.2,11,late,2,10,7,7,7/7,1.0,658,1037,157.22589999999997,815.2258999999999,5.290135625007679,0.0
m,portion_of_3_7,0.2,12,early,2,7,5,1,1/5,0.2,193,81,27.719900000000003,220.7199,5.774598791991593,0.0
m,portion_of_3_7,0.2,12,middle,2,7,5,4,4/5,0.8,266,244,69.3007,335.3007,10.614900916989429,0.0
m,portion_of_3_7,0.2,12,late,2,7,5,5,5/5,1.0,322,192,55.5392,377.5392,2.744722499992349,0.0
m,portion_of_3_7,0.2,13,early,2,9,6,5,5/6,0.83,416,717,310.2325,726.2325000000001,9.215379125002071,12.120600000000003
m,portion_of_3_7,0.2,13,middle,2,9,6,5,5/6,0.83,378,534,245.0891,623.0891,15.543893708992982,16.5546
m,portion_of_3_7,0.2,13,late,2,9,6,6,6/6,1.0,433,583,258.124,691.124,3.5526654999994207,0.0
m,portion_of_3_7,0.2,14,early,2,9,6,6,6/6,1.0,636,1368,275.97520000000003,911.9752,4.963878750000731,-26.95520000000001
m,portion_of_3_7,0.2,14,middle,2,9,6,6,6/6,1.0,642,1333,321.982,963.982,5.28541679099726,5.2146
m,portion_of_3_7,0.2,14,late,2,9,6,6,6/6,1.0,721,1189,277.6409,998.6409,5.461495708004804,0.0
m,portion_of_3_7,0.2,15,early,2,7,5,5,5/5,1.0,325,499,129.79260000000002,454.7926,2.8872846250014845,0.0
m,portion_of_3_7,0.2,15,middle,2,7,5,5,5/5,1.0,344,327,88.73980000000002,432.7398,2.7921619580010884,0.0
m,portion_of_3_7,0.2,15,late,2,7,5,5,5/5,1.0,345,295,73.12530000000001,418.1253,2.7852546670037555,0.0
m,portion_of_3_7,0.2,16,early,2,7,5,0,0/5,0.0,153,26,23.2258,176.2258,5.266676833998645,0.0
m,portion_of_3_7,0.2,16,middle,2,7,5,4,4/5,0.8,424,439,75.3878,499.3878,7.430837000007159,0.0
m,portion_of_3_7,0.2,16,late,2,7,5,5,5/5,1.0,490,539,83.9511,573.9511,3.6300168330053566,0.0
m,portion_of_3_7,0.2,17,early,2,10,7,6,6/7,0.86,397,891,276.9561,673.9561,23.548698291007895,-34.7359
m,portion_of_3_7,0.2,17,middle,2,10,7,6,6/7,0.86,477,1028,313.07579999999996,790.0758,25.14407475000189,-41.486000000000004
m,portion_of_3_7,0.2,17,late,2,10,7,7,7/7,1.0,514,881,332.3142,846.3142,4.778504875008366,5.5926
m,portion_of_3_7,0.2,18,early,2,8,6,6,6/6,1.0,386,914,272.505,658.505,3.1372570840030676,-0.28130000000000166
m,portion_of_3_7,0.2,18,middle,2,8,6,6,6/6,1.0,390,593,140.0313,530.0313,3.128479791994323,0.0
m,portion_of_3_7,0.2,18,late,2,8,6,6,6/6,1.0,397,651,145.6627,542.6627,3.198034041997744,0.0
m,portion_of_3_7,0.2,19,early,2,8,6,1,1/6,0.17,204,49,10.535,214.535,7.183466917005717,0.0
m,portion_of_3_7,0.2,19,middle,2,8,6,6,6/6,1.0,456,685,189.3756,645.3756000000001,3.563563791991328,0.0
m,portion_of_3_7,0.2,19,late,2,8,6,6,6/6,1.0,480,692,197.539,677.539,3.7632719999965047,0.0
m,portion_of_3_7,0.2,20,early,2,8,6,0,0/6,0.0,138,19,17.267200000000003,155.2672,6.805147584003862,0.0
m,portion_of_3_7,0.2,20,middle,2,8,6,5,5/6,0.83,445,512,74.2365,519.2365,9.111874582988094,0.0
m,portion_of_3_7,0.2,20,late,2,8,6,6,6/6,1.0,496,637,112.0521,608.0521,3.8198946669872385,0.0
m,portion_of_3_7,0.5,1,early,2,9,6,6,6/6,1.0,371,697,214.5322,585.5322,3.305935958996997,-41.363399999999984
m,portion_of_3_7,0.5,1,middle,2,9,6,6,6/6,1.0,422,967,285.56359999999995,707.5636,3.59017929098627,-24.157
m,portion_of_3_7,0.5,1,late,2,9,6,6,6/6,1.0,405,738,248.5116,653.5116,3.44019483300508,0.0
m,portion_of_3_7,0.5,2,early,2,10,7,7,7/7,1.0,722,2135,679.3410000000001,1401.341,5.659908582994831,59.7739
m,portion_of_3_7,0.5,2,middle,2,10,7,7,7/7,1.0,714,1626,521.8696,1235.8696,5.634366457990836,27.5993
m,portion_of_3_7,0.5,2,late,2,10,7,7,7/7,1.0,709,1480,495.0504,1204.0504,5.4318721250019735,27.5993
m,portion_of_3_7,0.5,3,early,2,8,6,3,3/6,0.5,225,84,13.2488,238.2488,11.697004499990726,0.0
m,portion_of_3_7,0.5,3,middle,2,8,6,6,6/6,1.0,403,620,130.03609999999998,533.0361,3.1673155419994146,0.0
m,portion_of_3_7,0.5,3,late,2,8,6,6,6/6,1.0,429,611,112.59080000000002,541.5908000000001,3.314698583999416,0.0
m,portion_of_3_7,0.5,4,early,2,10,7,3,3/7,0.43,375,471,188.6418,563.6418,24.98478920799971,26.1996
m,portion_of_3_7,0.5,4,middle,2,10,7,4,4/7,0.57,444,536,185.3347,629.3347,56.927122290988336,4.6785
m,portion_of_3_7,0.5,4,late,2,10,7,7,7/7,1.0,627,972,231.4516,858.4516,5.09580445800384,0.0
m,portion_of_3_7,0.5,5,early,2,10,7,5,5/7,0.71,542,979,239.0357,781.0357,31.85546620900277,0.0
m,portion_of_3_7,0.5,5,middle,2,10,7,7,7/7,1.0,578,1233,338.2544,916.2544,4.871553457996924,0.0
m,portion_of_3_7,0.5,5,late,2,10,7,7,7/7,1.0,632,1037,248.3348,880.3348,5.1769251660007285,0.0
m,portion_of_3_7,0.5,6,early,2,7,5,4,4/5,0.8,432,655,155.7013,587.7013,14.288287250004942,18.070899999999998
m,portion_of_3_7,0.5,6,middle,2,7,5,5,5/5,1.0,479,739,169.3975,648.3975,3.634437041997444,0.0
m,portion_of_3_7,0.5,6,late,2,7,5,4,4/5,0.8,458,520,172.9137,630.9137000000001,8.51273695800046,4.7555
m,portion_of_3_7,0.5,7,early,2,10,7,2,2/7,0.29,407,574,224.8654,631.8654,19.589493334002327,25.749899999999997
m,portion_of_3_7,0.5,7,middle,2,10,7,6,6/7,0.86,591,894,351.54720000000003,942.5472,23.27173258298717,53.2224
m,portion_of_3_7,0.5,7,late,2,10,7,7,7/7,1.0,623,847,329.83680000000004,952.8368,4.691962749988306,27.561600000000002
m,portion_of_3_7,0.5,8,early,2,8,6,6,6/6,1.0,325,777,256.0346,581.0346,2.842749583011027,-30.548499999999997
m,portion_of_3_7,0.5,8,middle,2,8,6,6,6/6,1.0,322,517,195.1035,517.1034999999999,2.7605787079955917,0.0
m,portion_of_3_7,0.5,8,late,2,8,6,6,6/6,1.0,364,456,185.1109,549.1109,3.0312014170049224,0.0
m,portion_of_3_7,0.5,9,early,2,9,6,6,6/6,1.0,535,1275,399.3677,934.3677,4.266266999999061,-47.0668
m,portion_of_3_7,0.5,9,middle,2,9,6,6,6/6,1.0,551,925,327.6282,878.6282,4.2792630000039935,0.0
m,portion_of_3_7,0.5,9,late,2,9,6,6,6/6,1.0,551,883,319.0447,870.0446999999999,4.27426066598855,0.0
m,portion_of_3_7,0.5,10,early,2,8,6,6,6/6,1.0,243,373,82.1272,325.1272,2.275058541999897,-18.9354
m,portion_of_3_7,0.5,10,middle,2,8,6,6,6/6,1.0,259,331,75.54979999999999,334.5498,2.435126375014079,-18.9354
m,portion_of_3_7,0.5,10,late,2,8,6,6,6/6,1.0,304,332,64.26480000000001,368.2648,2.5678456669993466,0.0
m,portion_of_3_7,0.5,11,early,2,10,7,7,7/7,1.0,626,1780,315.6845,941.6845,5.240711874997942,13.288
m,portion_of_3_7,0.5,11,middle,2,10,7,7,7/7,1.0,658,1405,218.7208,876.7208,5.20451533299638,0.0
m,portion_of_3_7,0.5,11,late,2,10,7,7,7/7,1.0,658,1037,157.22589999999997,815.2258999999999,5.295817291000276,0.0
m,portion_of_3_7,0.5,12,early,2,7,5,1,1/5,0.2,193,81,27.719900000000003,220.7199,5.770746083988342,0.0
m,portion_of_3_7,0.5,12,middle,2,7,5,4,4/5,0.8,266,244,69.3007,335.3007,10.515820291999262,0.0
m,portion_of_3_7,0.5,12,late,2,7,5,5,5/5,1.0,322,192,55.5392,377.5392,2.742771334000281,0.0
m,portion_of_3_7,0.5,13,early,2,9,6,6,6/6,1.0,437,861,376.8876,813.8876,3.63388770801248,44.6601
m,portion_of_3_7,0.5,13,middle,2,9,6,6,6/6,1.0,448,784,346.48969999999997,794.4897,3.547109040999203,26.2926
m,portion_of_3_7,0.5,13,late,2,9,6,6,6/6,1.0,433,583,258.124,691.124,3.5442282500007423,0.0
m,portion_of_3_7,0.5,14,early,2,9,6,6,6/6,1.0,636,1368,275.97520000000003,911.9752,4.871131583000533,-26.95520000000001
m,portion_of_3_7,0.5,14,middle,2,9,6,6,6/6,1.0,642,1333,321.982,963.982,5.081064207988675,5.2146
m,portion_of_3_7,0.5,14,late,2,9,6,6,6/6,1.0,721,1189,277.6409,998.6409,5.387667415998294,0.0
m,portion_of_3_7,0.5,15,early,2,7,5,5,5/5,1.0,325,499,129.79260000000002,454.7926,2.729964625003049,0.0
m,portion_of_3_7,0.5,15,middle,2,7,5,5,5/5,1.0,344,327,88.73980000000002,432.7398,2.864691542010405,0.0
m,portion_of_3_7,0.5,15,late,2,7,5,5,5/5,1.0,345,295,73.12530000000001,418.1253,2.886586874999921,0.0
m,portion_of_3_7,0.5,16,early,2,7,5,1,1/5,0.2,166,39,34.8387,200.8387,5.882608875006554,11.6129
m,portion_of_3_7,0.5,16,middle,2,7,5,4,4/5,0.8,424,439,75.3878,499.3878,7.453896332997829,0.0
m,portion_of_3_7,0.5,16,late,2,7,5,5,5/5,1.0,490,539,83.9511,573.9511,3.7097321250039386,0.0
m,portion_of_3_7,0.5,17,early,2,10,7,6,6/7,0.86,397,891,276.9561,673.9561,23.76071149999916,-34.7359
m,portion_of_3_7,0.5,17,middle,2,10,7,7,7/7,1.0,521,1279,437.2245,958.2245,4.895481375002419,45.6575
m,portion_of_3_7,0.5,17,late,2,10,7,7,7/7,1.0,514,881,332.3142,846.3142,4.824077209006646,5.5926
m,portion_of_3_7,0.5,18,early,2,8,6,6,6/6,1.0,386,914,272.505,658.505,3.0822699580021435,-0.28130000000000166
m,portion_of_3_7,0.5,18,middle,2,8,6,6,6/6,1.0,390,593,140.0313,530.0313,3.230085416988004,0.0
m,portion_of_3_7,0.5,18,late,2,8,6,6,6/6,1.0,397,651,145.6627,542.6627,3.244242458997178,0.0
m,portion_of_3_7,0.5,19,early,2,8,6,1,1/6,0.17,204,49,10.535,214.535,7.1499680830020225,0.0
m,portion_of_3_7,0.5,19,middle,2,8,6,6,6/6,1.0,456,685,189.3756,645.3756000000001,3.647786667002947,0.0
m,portion_of_3_7,0.5,19,late,2,8,6,6,6/6,1.0,480,692,197.539,677.539,3.9319267079990823,0.0
m,portion_of_3_7,0.5,20,early,2,8,6,3,3/6,0.5,283,262,65.74510000000001,348.7451,15.722271292004734,5.4528
m,portion_of_3_7,0.5,20,middle,2,8,6,5,5/6,0.83,445,512,74.2365,519.2365,9.070944332997897,0.0
m,portion_of_3_7,0.5,20,late,2,8,6,6,6/6,1.0,496,637,112.0521,608.0521,3.738186125003267,0.0
m,portion_of_7_3,0.1,1,early,2,7,2,0,0/2,0.0,223,274,254.95140000000004,477.9514,5.379082250001375,0.0
m,portion_of_7_3,0.1,1,middle,2,7,2,2,2/2,1.0,329,463,286.0791,615.0790999999999,3.3718734169960953,0.0
m,portion_of_7_3,0.1,1,late,2,7,2,2,2/2,1.0,385,373,267.2391,652.2391,3.6165711250068857,0.0
m,portion_of_7_3,0.1,2,early,2,9,3,1,1/3,0.33,466,962,722.5314000000001,1188.5314,14.894448874998488,28.0629
m,portion_of_7_3,0.1,2,middle,2,9,3,2,2/3,0.67,448,941,737.9118,1185.9118,14.359330709005008,48.1261
m,portion_of_7_3,0.1,2,late,2,9,3,3,3/3,1.0,571,828,683.6984,1254.6984,5.227801708999323,0.0
m,portion_of_7_3,0.1,3,early,2,10,3,2,2/3,0.67,577,1232,810.63,1387.63,17.52613262498926,8.834299999999992
m,portion_of_7_3,0.1,3,middle,2,10,3,3,3/3,1.0,563,1282,873.333,1436.333,5.738795917000971,55.9499
m,portion_of_7_3,0.1,3,late,2,10,3,3,3/3,1.0,575,844,756.2188,1331.2188,5.794443332997616,0.0
m,portion_of_7_3,0.1,4,early,2,10,3,3,3/3,1.0,563,1548,757.1621,1320.1621,5.316089624990127,-41.0831
m,portion_of_7_3,0.1,4,middle,2,10,3,2,2/3,0.67,461,1024,704.5554000000001,1165.5554000000002,14.474475750001147,-6.010899999999992
m,portion_of_7_3,0.1,4,late,2,10,3,3,3/3,1.0,576,837,689.1571000000001,1265.1571,5.347978624995449,0.0
m,portion_of_7_3,0.1,5,early,2,9,3,3,3/3,1.0,531,1237,685.1709,1216.1709,5.045575499985716,2.8330999999999733
m,portion_of_7_3,0.1,5,middle,2,9,3,3,3/3,1.0,535,1225,690.1666000000001,1225.1666,5.128353958003572,0.0
m,portion_of_7_3,0.1,5,late,2,9,3,3,3/3,1.0,530,737,590.837,1120.837,5.035931332997279,0.0
m,portion_of_7_3,0.1,6,early,2,8,2,1,1/2,0.5,387,690,542.8295,929.8295,9.869482167006936,17.828
m,portion_of_7_3,0.1,6,middle,2,8,2,0,0/2,0.0,367,585,508.6815,875.6814999999999,7.259428125005797,0.0
m,portion_of_7_3,0.1,6,late,2,8,2,2,2/2,1.0,414,643,541.1844,955.1844,4.382313374997466,24.0678
m,portion_of_7_3,0.1,7,early,2,8,2,0,0/2,0.0,324,284,259.2627,583.2627,6.575823749997653,0.0
m,portion_of_7_3,0.1,7,middle,2,8,2,2,2/2,1.0,479,549,351.55910000000006,830.5591000000001,4.4481510839978,25.3334
m,portion_of_7_3,0.1,7,late,2,8,2,2,2/2,1.0,498,481,328.5812,826.5812000000001,4.495948415991734,19.044900000000002
m,portion_of_7_3,0.1,8,early,2,8,2,1,1/2,0.5,480,745,544.576,1024.576,9.165921583000454,-22.751899999999996
m,portion_of_7_3,0.1,8,middle,2,8,2,2,2/2,1.0,505,749,584.455,1089.455,4.412597500006086,25.572399999999995
m,portion_of_7_3,0.1,8,late,2,8,2,2,2/2,1.0,580,558,516.1575,1096.1575,4.7199919580016285,0.0
m,portion_of_7_3,0.1,9,early,2,8,2,2,2/2,1.0,506,869,578.925,1084.925,4.797993291998864,-4.6495
m,portion_of_7_3,0.1,9,middle,2,8,2,2,2/2,1.0,511,787,563.1672,1074.1672,4.826149374988745,0.0
m,portion_of_7_3,0.1,9,late,2,8,2,2,2/2,1.0,551,643,526.1596,1077.1596,4.942052000013064,0.0
m,portion_of_7_3,0.1,10,early,2,10,3,2,2/3,0.67,490,1175,828.3921,1318.3921,14.301624500003529,-31.349999999999994
m,portion_of_7_3,0.1,10,middle,2,10,3,3,3/3,1.0,513,1280,926.2487,1439.2487,4.905706708013895,60.293099999999995
m,portion_of_7_3,0.1,10,late,2,10,3,3,3/3,1.0,518,1141,856.5896,1374.5896,4.829258542013122,7.0968
m,portion_of_7_3,0.1,11,early,2,7,2,2,2/2,1.0,309,390,205.8091,514.8091,3.107116999992286,-34.493
m,portion_of_7_3,0.1,11,middle,2,7,2,1,1/2,0.5,295,252,200.78950000000003,495.7895,6.5720648749993416,0.0
m,portion_of_7_3,0.1,11,late,2,7,2,2,2/2,1.0,355,280,206.7523,561.7523,3.384067708000657,5.2302
m,portion_of_7_3,0.1,12,early,2,9,3,3,3/3,1.0,390,719,402.4764,792.4764,4.089032541989582,0.0
m,portion_of_7_3,0.1,12,middle,2,9,3,0,0/3,0.0,287,376,345.8941,632.8941,7.527294915998937,0.0
m,portion_of_7_3,0.1,12,late,2,9,3,3,3/3,1.0,518,439,356.8381,874.8380999999999,4.614865875002579,0.0
m,portion_of_7_3,0.1,13,early,2,7,2,2,2/2,1.0,424,795,339.5532,763.5532000000001,4.179109749995405,-68.4942
m,portion_of_7_3,0.1,13,middle,2,7,2,2,2/2,1.0,452,555,368.2764000000001,820.2764000000001,4.072638583005755,0.0
m,portion_of_7_3,0.1,13,late,2,7,2,2,2/2,1.0,463,383,349.31880000000007,812.3188,4.026525000008405,0.0
m,portion_of_7_3,0.1,14,early,2,8,2,1,1/2,0.5,358,669,484.4004,842.4004,9.156027208999149,-60.76929999999999
m,portion_of_7_3,0.1,14,middle,2,8,2,2,2/2,1.0,401,662,513.1124,914.1124,3.9510567909892416,13.392
m,portion_of_7_3,0.1,14,late,2,8,2,2,2/2,1.0,467,552,471.53919999999994,938.5392,4.209249125007773,0.0
m,portion_of_7_3,0.1,15,early,2,9,3,0,0/3,0.0,372,486,427.37660000000005,799.3766,9.030951458000343,0.0
m,portion_of_7_3,0.1,15,middle,2,9,3,3,3/3,1.0,632,1090,552.0197999999999,1184.0198,5.305015082994942,32.7598
m,portion_of_7_3,0.1,15,late,2,9,3,3,3/3,1.0,651,618,450.602,1101.602,5.309252082995954,0.0
m,portion_of_7_3,0.1,16,early,2,7,2,1,1/2,0.5,318,327,220.1079,538.1079,6.663759834002121,-25.3611
m,portion_of_7_3,0.1,16,middle,2,7,2,2,2/2,1.0,343,372,228.4969,571.4969,3.456208540999796,-25.3611
m,portion_of_7_3,0.1,16,late,2,7,2,2,2/2,1.0,442,255,222.0834,664.0834,3.8559451250039274,0.0
m,portion_of_7_3,0.1,17,early,2,9,3,2,2/3,0.67,385,593,349.13100000000003,734.1310000000001,10.903801874999772,-18.8012
m,portion_of_7_3,0.1,17,middle,2,9,3,3,3/3,1.0,447,552,346.3825,793.3824999999999,4.008758584008319,6.0774
m,portion_of_7_3,0.1,17,late,2,9,3,3,3/3,1.0,454,421,303.37550000000005,757.3755000000001,4.044599792003282,0.0
m,portion_of_7_3,0.1,18,early,2,7,2,0,0/2,0.0,243,112,107.2208,350.2208,5.471402041002875,0.0
m,portion_of_7_3,0.1,18,middle,2,7,2,2,2/2,1.0,357,347,138.8662,495.8662,3.585962500001187,4.761200000000002
m,portion_of_7_3,0.1,18,late,2,7,2,2,2/2,1.0,407,225,122.96800000000002,529.9680000000001,3.7425421660009306,4.9719999999999995
m,portion_of_7_3,0.1,19,early,2,9,3,2,2/3,0.67,534,1153,746.7352000000001,1280.7352,12.166750374992262,-60.4649
m,portion_of_7_3,0.1,19,middle,2,9,3,3,3/3,1.0,603,900,698.7365,1301.7365,5.603222666002694,0.0
m,portion_of_7_3,0.1,19,late,2,9,3,3,3/3,1.0,649,806,661.0145,1310.0145,5.766138167004101,0.0
m,portion_of_7_3,0.1,20,early,2,7,2,1,1/2,0.5,262,250,147.341,409.341,5.463270624997676,0.0
m,portion_of_7_3,0.1,20,middle,2,7,2,0,0/2,0.0,231,158,134.5438,365.5438,4.55999895799323,0.0
m,portion_of_7_3,0.1,20,late,2,7,2,2,2/2,1.0,350,268,148.76680000000002,498.7668,3.0622949579992564,0.0
m,portion_of_7_3,0.2,1,early,2,7,2,1,1/2,0.5,273,453,313.862,586.8620000000001,6.679506125001353,47.765
m,portion_of_7_3,0.2,1,middle,2,7,2,2,2/2,1.0,329,463,286.0791,615.0790999999999,3.3910395830025664,0.0
m,portion_of_7_3,0.2,1,late,2,7,2,2,2/2,1.0,385,373,267.2391,652.2391,3.640747875004308,0.0
m,portion_of_7_3,0.2,2,early,2,9,3,1,1/3,0.33,466,962,722.5314000000001,1188.5314,15.042838624998694,28.0629
m,portion_of_7_3,0.2,2,middle,2,9,3,3,3/3,1.0,528,1166,844.3371000000001,1372.3371000000002,5.053267166993464,125.36609999999999
m,portion_of_7_3,0.2,2,late,2,9,3,3,3/3,1.0,571,828,683.6984,1254.6984,5.184319749998394,0.0
m,portion_of_7_3,0.2,3,early,2,10,3,3,3/3,1.0,608,1443,897.7629000000001,1505.7629000000002,6.131845374999102,76.6775
m,portion_of_7_3,0.2,3,middle,2,10,3,3,3/3,1.0,563,1282,873.333,1436.333,5.864802541007521,55.9499
m,portion_of_7_3,0.2,3,late,2,10,3,3,3/3,1.0,575,844,756.2188,1331.2188,5.865371916996082,0.0
m,portion_of_7_3,0.2,4,early,2,10,3,3,3/3,1.0,563,1548,757.1621,1320.1621,5.299875625001732,-41.0831
m,portion_of_7_3,0.2,4,middle,2,10,3,3,3/3,1.0,553,1508,865.5688,1418.5688,5.392801417008741,94.1049
m,portion_of_7_3,0.2,4,late,2,10,3,3,3/3,1.0,576,837,689.1571000000001,1265.1571,5.356846750000841,0.0
m,portion_of_7_3,0.2,5,early,2,9,3,3,3/3,1.0,531,1237,685.1709,1216.1709,5.140147375001106,2.8330999999999733
m,portion_of_7_3,0.2,5,middle,2,9,3,3,3/3,1.0,535,1225,690.1666000000001,1225.1666,5.225792208002531,0.0
m,portion_of_7_3,0.2,5,late,2,9,3,3,3/3,1.0,530,737,590.837,1120.837,5.074935709009878,0.0
m,portion_of_7_3,0.2,6,early,2,8,2,2,2/2,1.0,403,710,582.6549000000001,985.6549,4.33580487499421,62.0352
m,portion_of_7_3,0.2,6,middle,2,8,2,2,2/2,1.0,451,679,586.2801000000001,1037.2801,4.550780582998414,74.8776
m,portion_of_7_3,0.2,6,late,2,8,2,2,2/2,1.0,414,643,541.1844,955.1844,4.414550125002279,24.0678
m,portion_of_7_3,0.2,7,early,2,8,2,0,0/2,0.0,324,284,259.2627,583.2627,6.593842834001407,0.0
m,portion_of_7_3,0.2,7,middle,2,8,2,2,2/2,1.0,479,549,351.55910000000006,830.5591000000001,4.620318457993562,25.3334
m,portion_of_7_3,0.2,7,late,2,8,2,2,2/2,1.0,498,481,328.5812,826.5812000000001,4.561916874998133,19.044900000000002
m,portion_of_7_3,0.2,8,early,2,8,2,1,1/2,0.5,480,745,544.576,1024.576,9.241057749997708,-22.751899999999996
m,portion_of_7_3,0.2,8,middle,2,8,2,2,2/2,1.0,505,749,584.455,1089.455,4.446697125007631,25.572399999999995
m,portion_of_7_3,0.2,8,late,2,8,2,2,2/2,1.0,580,558,516.1575,1096.1575,4.77581174999068,0.0
m,portion_of_7_3,0.2,9,early,2,8,2,2,2/2,1.0,506,869,578.925,1084.925,4.85035362499184,-4.6495
m,portion_of_7_3,0.2,9,middle,2,8,2,2,2/2,1.0,511,787,563.1672,1074.1672,4.8521063340012915,0.0
m,portion_of_7_3,0.2,9,late,2,8,2,2,2/2,1.0,551,643,526.1596,1077.1596,5.016265791011392,0.0
m,portion_of_7_3,0.2,10,early,2,10,3,2,2/3,0.67,490,1175,828.3921,1318.3921,14.335432375009988,-31.349999999999994
m,portion_of_7_3,0.2,10,middle,2,10,3,3,3/3,1.0,513,1280,926.2487,1439.2487,4.969591874993057,60.293099999999995
m,portion_of_7_3,0.2,10,late,2,10,3,3,3/3,1.0,518,1141,856.5896,1374.5896,4.889967832990806,7.0968
m,portion_of_7_3,0.2,11,early,2,7,2,2,2/2,1.0,309,390,205.8091,514.8091,3.222770792010124,-34.493
m,portion_of_7_3,0.2,11,middle,2,7,2,1,1/2,0.5,295,252,200.78950000000003,495.7895,6.64474854200671,0.0
m,portion_of_7_3,0.2,11,late,2,7,2,2,2/2,1.0,355,280,206.7523,561.7523,3.44576237500587,5.2302
m,portion_of_7_3,0.2,12,early,2,9,3,3,3/3,1.0,390,719,402.4764,792.4764,4.137341749999905,0.0
m,portion_of_7_3,0.2,12,middle,2,9,3,2,2/3,0.67,382,703,438.2748000000001,820.2748000000001,12.126576041002409,63.2432
m,portion_of_7_3,0.2,12,late,2,9,3,3,3/3,1.0,518,439,356.8381,874.8380999999999,4.659741082999972,0.0
m,portion_of_7_3,0.2,13,early,2,7,2,2,2/2,1.0,424,795,339.5532,763.5532000000001,4.132056292000925,-68.4942
m,portion_of_7_3,0.2,13,middle,2,7,2,2,2/2,1.0,452,555,368.2764000000001,820.2764000000001,4.118583500006935,0.0
m,portion_of_7_3,0.2,13,late,2,7,2,2,2/2,1.0,463,383,349.31880000000007,812.3188,4.009419291003724,0.0
m,portion_of_7_3,0.2,14,early,2,8,2,1,1/2,0.5,358,669,484.4004,842.4004,9.335430250008358,-60.76929999999999
m,portion_of_7_3,0.2,14,middle,2,8,2,2,2/2,1.0,401,662,513.1124,914.1124,3.9864531249913857,13.392
m,portion_of_7_3,0.2,14,late,2,8,2,2,2/2,1.0,467,552,471.53919999999994,938.5392,4.26920195799903,0.0
m,portion_of_7_3,0.2,15,early,2,9,3,3,3/3,1.0,623,1123,575.6833,1198.6833,5.291298540993012,71.8283
m,portion_of_7_3,0.2,15,middle,2,9,3,3,3/3,1.0,632,1090,552.0197999999999,1184.0198,5.504894917001366,32.7598
m,portion_of_7_3,0.2,15,late,2,9,3,3,3/3,1.0,651,618,450.602,1101.602,5.3744593750016065,0.0
m,portion_of_7_3,0.2,16,early,2,7,2,1,1/2,0.5,318,327,220.1079,538.1079,6.904262041993206,-25.3611
m,portion_of_7_3,0.2,16,middle,2,7,2,2,2/2,1.0,343,372,228.4969,571.4969,3.4930192500032717,-25.3611
m,portion_of_7_3,0.2,16,late,2,7,2,2,2/2,1.0,442,255,222.0834,664.0834,3.946364083996741,0.0
m,portion_of_7_3,0.2,17,early,2,9,3,3,3/3,1.0,410,776,437.5003,847.5003,3.914995250001084,45.7238
m,portion_of_7_3,0.2,17,middle,2,9,3,3,3/3,1.0,447,552,346.3825,793.3824999999999,3.950960917005432,6.0774
m,portion_of_7_3,0.2,17,late,2,9,3,3,3/3,1.0,454,421,303.37550000000005,757.3755000000001,3.9957041250017937,0.0
m,portion_of_7_3,0.2,18,early,2,7,2,0,0/2,0.0,243,112,107.2208,350.2208,5.596911917004036,0.0
m,portion_of_7_3,0.2,18,middle,2,7,2,2,2/2,1.0,357,347,138.8662,495.8662,3.5491094999888446,4.761200000000002
m,portion_of_7_3,0.2,18,late,2,7,2,2,2/2,1.0,407,225,122.96800000000002,529.9680000000001,3.7081103329983303,4.9719999999999995
m,portion_of_7_3,0.2,19,early,2,9,3,3,3/3,1.0,586,1409,908.2506,1494.2505999999998,5.580894415994408,67.83709999999999
m,portion_of_7_3,0.2,19,middle,2,9,3,3,3/3,1.0,603,900,698.7365,1301.7365,5.639204666993464,0.0
m,portion_of_7_3,0.2,19,late,2,9,3,3,3/3,1.0,649,806,661.0145,1310.0145,5.706365374993766,0.0
m,portion_of_7_3,0.2,20,early,2,7,2,1,1/2,0.5,262,250,147.341,409.341,5.518660916990484,0.0
m,portion_of_7_3,0.2,20,middle,2,7,2,0,0/2,0.0,231,158,134.5438,365.5438,4.598787750001065,0.0
m,portion_of_7_3,0.2,20,late,2,7,2,2,2/2,1.0,350,268,148.76680000000002,498.7668,3.0872922919952543,0.0
m,portion_of_7_3,0.5,1,early,2,7,2,2,2/2,1.0,407,819,449.0134000000001,856.0134,3.99004012500518,117.23499999999999
m,portion_of_7_3,0.5,1,middle,2,7,2,2,2/2,1.0,329,463,286.0791,615.0790999999999,3.3709642909961985,0.0
m,portion_of_7_3,0.5,1,late,2,7,2,2,2/2,1.0,385,373,267.2391,652.2391,3.6513286660047015,0.0
m,portion_of_7_3,0.5,2,early,2,9,3,3,3/3,1.0,570,1351,955.6486999999998,1525.6486999999995,5.385751791007351,220.4613
m,portion_of_7_3,0.5,2,middle,2,9,3,3,3/3,1.0,528,1166,844.3371000000001,1372.3371000000002,5.093757541995728,125.36609999999999
m,portion_of_7_3,0.5,2,late,2,9,3,3,3/3,1.0,571,828,683.6984,1254.6984,5.372866666992195,0.0
m,portion_of_7_3,0.5,3,early,2,10,3,3,3/3,1.0,608,1443,897.7629000000001,1505.7629000000002,6.189251625008183,76.6775
m,portion_of_7_3,0.5,3,middle,2,10,3,3,3/3,1.0,563,1282,873.333,1436.333,5.984485458990093,55.9499
m,portion_of_7_3,0.5,3,late,2,10,3,3,3/3,1.0,575,844,756.2188,1331.2188,6.174995708002825,0.0
m,portion_of_7_3,0.5,4,early,2,10,3,3,3/3,1.0,563,1548,757.1621,1320.1621,5.4479167079989566,-41.0831
m,portion_of_7_3,0.5,4,middle,2,10,3,3,3/3,1.0,553,1508,865.5688,1418.5688,5.555395500006853,94.1049
m,portion_of_7_3,0.5,4,late,2,10,3,3,3/3,1.0,576,837,689.1571000000001,1265.1571,5.395819249999477,0.0
m,portion_of_7_3,0.5,5,early,2,9,3,3,3/3,1.0,531,1237,685.1709,1216.1709,5.359693457998219,2.8330999999999733
m,portion_of_7_3,0.5,5,middle,2,9,3,3,3/3,1.0,535,1225,690.1666000000001,1225.1666,5.282264374996885,0.0
m,portion_of_7_3,0.5,5,late,2,9,3,3,3/3,1.0,530,737,590.837,1120.837,5.222398500001873,0.0
m,portion_of_7_3,0.5,6,early,2,8,2,2,2/2,1.0,403,710,582.6549000000001,985.6549,4.413330790994223,62.0352
m,portion_of_7_3,0.5,6,middle,2,8,2,2,2/2,1.0,451,679,586.2801000000001,1037.2801,4.726804792007897,74.8776
m,portion_of_7_3,0.5,6,late,2,8,2,2,2/2,1.0,414,643,541.1844,955.1844,4.561365041998215,24.0678
m,portion_of_7_3,0.5,7,early,2,8,2,1,1/2,0.5,427,583,436.5811000000001,863.5811000000001,8.5244360420038,122.864
m,portion_of_7_3,0.5,7,middle,2,8,2,2,2/2,1.0,479,549,351.55910000000006,830.5591000000001,4.559792000000016,25.3334
m,portion_of_7_3,0.5,7,late,2,8,2,2,2/2,1.0,498,481,328.5812,826.5812000000001,4.55564074999711,19.044900000000002
m,portion_of_7_3,0.5,8,early,2,8,2,2,2/2,1.0,540,1092,825.9413000000001,1365.9413,4.898600707994774,244.3994
m,portion_of_7_3,0.5,8,middle,2,8,2,2,2/2,1.0,505,749,584.455,1089.455,4.5352135409921175,25.572399999999995
m,portion_of_7_3,0.5,8,late,2,8,2,2,2/2,1.0,580,558,516.1575,1096.1575,4.74826654199569,0.0
m,portion_of_7_3,0.5,9,early,2,8,2,2,2/2,1.0,506,869,578.925,1084.925,4.893667250013095,-4.6495
m,portion_of_7_3,0.5,9,middle,2,8,2,2,2/2,1.0,511,787,563.1672,1074.1672,4.847002541995607,0.0
m,portion_of_7_3,0.5,9,late,2,8,2,2,2/2,1.0,551,643,526.1596,1077.1596,4.992580416001147,0.0
m,portion_of_7_3,0.5,10,early,2,10,3,3,3/3,1.0,519,1366,1052.1282,1571.1282,4.9552699999912875,210.6934
m,portion_of_7_3,0.5,10,middle,2,10,3,3,3/3,1.0,513,1280,926.2487,1439.2487,4.926771083002677,60.293099999999995
m,portion_of_7_3,0.5,10,late,2,10,3,3,3/3,1.0,518,1141,856.5896,1374.5896,4.843347709000227,7.0968
m,portion_of_7_3,0.5,11,early,2,7,2,2,2/2,1.0,309,390,205.8091,514.8091,3.201474582994706,-34.493
m,portion_of_7_3,0.5,11,middle,2,7,2,2,2/2,1.0,393,426,282.1795,675.1795,3.738600374999806,46.2001
m,portion_of_7_3,0.5,11,late,2,7,2,2,2/2,1.0,355,280,206.7523,561.7523,3.4247532920126105,5.2302
m,portion_of_7_3,0.5,12,early,2,9,3,3,3/3,1.0,390,719,402.4764,792.4764,4.199474833003478,0.0
m,portion_of_7_3,0.5,12,middle,2,9,3,3,3/3,1.0,393,805,489.6718,882.6718000000001,4.266101042012451,89.11
m,portion_of_7_3,0.5,12,late,2,9,3,3,3/3,1.0,518,439,356.8381,874.8380999999999,4.731462875002762,0.0
m,portion_of_7_3,0.5,13,early,2,7,2,2,2/2,1.0,424,795,339.5532,763.5532000000001,4.381154708011309,-68.4942
m,portion_of_7_3,0.5,13,middle,2,7,2,2,2/2,1.0,452,555,368.2764000000001,820.2764000000001,4.191232375000254,0.0
m,portion_of_7_3,0.5,13,late,2,7,2,2,2/2,1.0,463,383,349.31880000000007,812.3188,4.120189207998919,0.0
m,portion_of_7_3,0.5,14,early,2,8,2,2,2/2,1.0,459,1174,749.2248999999999,1208.2249,4.420610000001034,119.98339999999999
m,portion_of_7_3,0.5,14,middle,2,8,2,2,2/2,1.0,401,662,513.1124,914.1124,3.9608799169946,13.392
m,portion_of_7_3,0.5,14,late,2,8,2,2,2/2,1.0,467,552,471.53919999999994,938.5392,4.314355832990259,0.0
m,portion_of_7_3,0.5,15,early,2,9,3,3,3/3,1.0,623,1123,575.6833,1198.6833,5.292702165999799,71.8283
m,portion_of_7_3,0.5,15,middle,2,9,3,3,3/3,1.0,632,1090,552.0197999999999,1184.0198,5.287567583000055,32.7598
m,portion_of_7_3,0.5,15,late,2,9,3,3,3/3,1.0,651,618,450.602,1101.602,5.338391207988025,0.0
m,portion_of_7_3,0.5,16,early,2,7,2,2,2/2,1.0,320,492,331.8543,651.8543,3.4951488329970744,75.45410000000001
m,portion_of_7_3,0.5,16,middle,2,7,2,2,2/2,1.0,343,372,228.4969,571.4969,3.5380860830046004,-25.3611
m,portion_of_7_3,0.5,16,late,2,7,2,2,2/2,1.0,442,255,222.0834,664.0834,3.884363959004986,0.0
m,portion_of_7_3,0.5,17,early,2,9,3,3,3/3,1.0,410,776,437.5003,847.5003,3.9435075000073994,45.7238
m,portion_of_7_3,0.5,17,middle,2,9,3,3,3/3,1.0,447,552,346.3825,793.3824999999999,4.0909724999946775,6.0774
m,portion_of_7_3,0.5,17,late,2,9,3,3,3/3,1.0,454,421,303.37550000000005,757.3755000000001,4.12934695900185,0.0
m,portion_of_7_3,0.5,18,early,2,7,2,0,0/2,0.0,243,112,107.2208,350.2208,5.701047333001043,0.0
m,portion_of_7_3,0.5,18,middle,2,7,2,2,2/2,1.0,357,347,138.8662,495.8662,3.5897229999973206,4.761200000000002
m,portion_of_7_3,0.5,18,late,2,7,2,2,2/2,1.0,407,225,122.96800000000002,529.9680000000001,3.826699666999048,4.9719999999999995
m,portion_of_7_3,0.5,19,early,2,9,3,3,3/3,1.0,586,1409,908.2506,1494.2505999999998,5.689125125005376,67.83709999999999
m,portion_of_7_3,0.5,19,middle,2,9,3,3,3/3,1.0,603,900,698.7365,1301.7365,5.806362667004578,0.0
m,portion_of_7_3,0.5,19,late,2,9,3,3,3/3,1.0,649,806,661.0145,1310.0145,5.9178277920000255,0.0
m,portion_of_7_3,0.5,20,early,2,7,2,1,1/2,0.5,262,250,147.341,409.341,5.6041698330082,0.0
m,portion_of_7_3,0.5,20,middle,2,7,2,2,2/2,1.0,336,348,193.0234,529.0234,3.0275075410027057,42.0344
m,portion_of_7_3,0.5,20,late,2,7,2,2,2/2,1.0,350,268,148.76680000000002,498.7668,3.0481124999932945,0.0
m,same_costs,0.1,1,early,2,7,3,1,1/3,0.33,209,121,121.0,330.0,5.443657333991723,0.0
m,same_costs,0.1,1,middle,2,7,3,1,1/3,0.33,209,99,99.0,308.0,5.299004999993485,0.0
m,same_costs,0.1,1,late,2,7,3,3,3/3,1.0,255,150,150.0,405.0,2.519614457996795,0.0
m,same_costs,0.1,2,early,2,8,4,2,2/4,0.5,351,528,528.0,879.0,19.01370704099827,23.0
m,same_costs,0.1,2,middle,2,8,4,3,3/4,0.75,417,515,515.0,932.0,15.463417542006937,-29.0
m,same_costs,0.1,2,late,2,8,4,4,4/4,1.0,553,589,589.0,1142.0,4.646349250004278,0.0
m,same_costs,0.1,3,early,2,8,4,0,0/4,0.0,203,135,135.0,338.0,6.864494958004798,0.0
m,same_costs,0.1,3,middle,2,8,4,4,4/4,1.0,370,463,463.0,833.0,3.439118167007109,0.0
m,same_costs,0.1,3,late,2,8,4,4,4/4,1.0,374,334,334.0,708.0,3.3142531250050524,0.0
m,same_costs,0.1,4,early,2,8,4,4,4/4,1.0,417,872,872.0,1289.0,3.8234587500046473,7.0
m,same_costs,0.1,4,middle,2,8,4,4,4/4,1.0,440,747,747.0,1187.0,3.9935628329985775,-14.0
m,same_costs,0.1,4,late,2,8,4,4,4/4,1.0,448,391,391.0,839.0,3.87143070800812,0.0
m,same_costs,0.1,5,early,2,8,4,2,2/4,0.5,444,630,630.0,1074.0,19.306907334001153,-5.0
m,same_costs,0.1,5,middle,2,8,4,0,0/4,0.0,288,194,194.0,482.0,8.244208916992648,0.0
m,same_costs,0.1,5,late,2,8,4,4,4/4,1.0,513,520,520.0,1033.0,4.4660717910010135,0.0
m,same_costs,0.1,6,early,2,7,3,1,1/3,0.33,294,309,309.0,603.0,7.112003874994116,5.0
m,same_costs,0.1,6,middle,2,7,3,1,1/3,0.33,284,190,190.0,474.0,9.323818208999,0.0
m,same_costs,0.1,6,late,2,7,3,3,3/3,1.0,411,240,240.0,651.0,3.535598625006969,0.0
m,same_costs,0.1,7,early,2,9,5,0,0/5,0.0,108,9,9.0,117.0,5.135319042004994,0.0
m,same_costs,0.1,7,middle,2,9,5,2,2/5,0.4,223,82,82.0,305.0,8.792862500005867,0.0
m,same_costs,0.1,7,late,2,9,5,5,5/5,1.0,339,330,330.0,669.0,2.9349198330019135,0.0
m,same_costs,0.1,8,early,2,10,5,2,2/5,0.4,463,655,655.0,1118.0,13.657086791994516,32.0
m,same_costs,0.1,8,middle,2,10,5,2,2/5,0.4,388,570,570.0,958.0,17.99648824999167,-46.0
m,same_costs,0.1,8,late,2,10,5,5,5/5,1.0,645,605,605.0,1250.0,5.259140333000687,0.0
m,same_costs,0.1,9,early,2,9,5,2,2/5,0.4,415,697,697.0,1112.0,12.086996332989656,-32.0
m,same_costs,0.1,9,middle,2,9,5,4,4/5,0.8,476,904,904.0,1380.0,18.689428375000716,1.0
m,same_costs,0.1,9,late,2,9,5,5,5/5,1.0,529,700,700.0,1229.0,4.5235475420049625,1.0
m,same_costs,0.1,10,early,2,10,5,1,1/5,0.2,295,265,265.0,560.0,10.90143379199435,6.0
m,same_costs,0.1,10,middle,2,10,5,5,5/5,1.0,463,693,693.0,1156.0,4.4367232079966925,19.0
m,same_costs,0.1,10,late,2,10,5,5,5/5,1.0,487,603,603.0,1090.0,4.486768082992057,0.0
m,same_costs,0.1,11,early,2,8,4,2,2/4,0.5,378,455,455.0,833.0,17.094169207994128,5.0
m,same_costs,0.1,11,middle,2,8,4,2,2/4,0.5,374,392,392.0,766.0,17.259134166990407,23.0
m,same_costs,0.1,11,late,2,8,4,4,4/4,1.0,492,386,386.0,878.0,4.448114208003972,0.0
m,same_costs,0.1,12,early,2,10,5,1,1/5,0.2,370,598,598.0,968.0,11.418634999994538,20.0
m,same_costs,0.1,12,middle,2,10,5,3,3/5,0.6,413,719,719.0,1132.0,16.030378750001546,34.0
m,same_costs,0.1,12,late,2,10,5,5,5/5,1.0,539,566,566.0,1105.0,4.531193415998132,0.0
m,same_costs,0.1,13,early,2,9,5,2,2/5,0.4,298,293,293.0,591.0,16.013837791993865,0.0
m,same_costs,0.1,13,middle,2,9,5,5,5/5,1.0,452,530,530.0,982.0,3.872480040998198,5.0
m,same_costs,0.1,13,late,2,9,5,4,4/5,0.8,450,322,322.0,772.0,9.297672250002506,0.0
m,same_costs,0.1,14,early,2,8,4,0,0/4,0.0,332,417,417.0,749.0,10.877296000006028,0.0
m,same_costs,0.1,14,middle,2,8,4,0,0/4,0.0,332,417,417.0,749.0,10.15417150000576,0.0
m,same_costs,0.1,14,late,2,8,4,4,4/4,1.0,560,718,718.0,1278.0,5.195029082999099,0.0
m,same_costs,0.1,15,early,2,8,4,2,2/4,0.5,353,470,470.0,823.0,10.699240874993848,-14.0
m,same_costs,0.1,15,middle,2,8,4,4,4/4,1.0,478,702,702.0,1180.0,4.138010540991672,0.0
m,same_costs,0.1,15,late,2,8,4,4,4/4,1.0,523,410,410.0,933.0,4.289288541011047,0.0
m,same_costs,0.1,16,early,2,8,4,3,3/4,0.75,392,428,428.0,820.0,12.261618958989857,11.0
m,same_costs,0.1,16,middle,2,8,4,4,4/4,1.0,476,481,481.0,957.0,3.53370320799877,0.0
m,same_costs,0.1,16,late,2,8,4,4,4/4,1.0,491,472,472.0,963.0,3.5649933329987107,0.0
m,same_costs,0.1,17,early,2,9,5,4,4/5,0.8,393,546,546.0,939.0,15.896392249997009,22.0
m,same_costs,0.1,17,middle,2,9,5,5,5/5,1.0,407,623,623.0,1030.0,3.863865708990488,-17.0
m,same_costs,0.1,17,late,2,9,5,5,5/5,1.0,443,333,333.0,776.0,3.965232417001971,0.0
m,same_costs,0.1,18,early,2,8,4,2,2/4,0.5,407,650,650.0,1057.0,16.916696957996464,0.0
m,same_costs,0.1,18,middle,2,8,4,3,3/4,0.75,469,639,639.0,1108.0,11.097993000003044,14.0
m,same_costs,0.1,18,late,2,8,4,4,4/4,1.0,495,457,457.0,952.0,4.523698208009591,0.0
m,same_costs,0.1,19,early,2,8,4,3,3/4,0.75,372,443,443.0,815.0,13.0978748750058,-48.0
m,same_costs,0.1,19,middle,2,8,4,4,4/4,1.0,435,467,467.0,902.0,3.753643832998932,-44.0
m,same_costs,0.1,19,late,2,8,4,4,4/4,1.0,473,337,337.0,810.0,3.942027417011559,0.0
m,same_costs,0.1,20,early,2,9,5,0,0/5,0.0,283,199,199.0,482.0,8.58002479201241,0.0
m,same_costs,0.1,20,middle,2,9,5,2,2/5,0.4,395,368,368.0,763.0,12.091143666999416,7.0
m,same_costs,0.1,20,late,2,9,5,5,5/5,1.0,553,506,506.0,1059.0,4.449376582997502,0.0
m,same_costs,0.2,1,early,2,7,3,1,1/3,0.33,209,121,121.0,330.0,5.456947375001619,0.0
m,same_costs,0.2,1,middle,2,7,3,2,2/3,0.67,225,131,131.0,356.0,7.255042082993896,16.0
m,same_costs,0.2,1,late,2,7,3,3,3/3,1.0,255,150,150.0,405.0,2.619730917009292,0.0
m,same_costs,0.2,2,early,2,8,4,3,3/4,0.75,479,801,801.0,1280.0,15.79573920898838,3.0
m,same_costs,0.2,2,middle,2,8,4,3,3/4,0.75,417,515,515.0,932.0,15.509846917004324,-29.0
m,same_costs,0.2,2,late,2,8,4,4,4/4,1.0,553,589,589.0,1142.0,4.766433750002761,0.0
m,same_costs,0.2,3,early,2,8,4,0,0/4,0.0,203,135,135.0,338.0,6.847933209006442,0.0
m,same_costs,0.2,3,middle,2,8,4,4,4/4,1.0,370,463,463.0,833.0,3.50714041700121,0.0
m,same_costs,0.2,3,late,2,8,4,4,4/4,1.0,374,334,334.0,708.0,3.416035958987777,0.0
m,same_costs,0.2,4,early,2,8,4,4,4/4,1.0,417,872,872.0,1289.0,3.994568416994298,7.0
m,same_costs,0.2,4,middle,2,8,4,4,4/4,1.0,440,747,747.0,1187.0,3.9342462079948746,-14.0
m,same_costs,0.2,4,late,2,8,4,4,4/4,1.0,448,391,391.0,839.0,3.9378347500023665,0.0
m,same_costs,0.2,5,early,2,8,4,4,4/4,1.0,495,975,975.0,1470.0,4.466435166992596,23.0
m,same_costs,0.2,5,middle,2,8,4,2,2/4,0.5,402,416,416.0,818.0,11.38521337500424,37.0
m,same_costs,0.2,5,late,2,8,4,4,4/4,1.0,513,520,520.0,1033.0,4.427459208003711,0.0
m,same_costs,0.2,6,early,2,7,3,1,1/3,0.33,262,255,255.0,517.0,9.045853124989662,28.0
m,same_costs,0.2,6,middle,2,7,3,1,1/3,0.33,284,190,190.0,474.0,9.343335375000606,0.0
m,same_costs,0.2,6,late,2,7,3,3,3/3,1.0,411,240,240.0,651.0,3.50846774999809,0.0
m,same_costs,0.2,7,early,2,9,5,0,0/5,0.0,108,9,9.0,117.0,5.1786041669984115,0.0
m,same_costs,0.2,7,middle,2,9,5,2,2/5,0.4,223,82,82.0,305.0,8.853329416000634,0.0
m,same_costs,0.2,7,late,2,9,5,5,5/5,1.0,339,330,330.0,669.0,2.93524449999677,0.0
m,same_costs,0.2,8,early,2,10,5,2,2/5,0.4,456,635,635.0,1091.0,18.232600709001417,31.0
m,same_costs,0.2,8,middle,2,10,5,3,3/5,0.6,526,787,787.0,1313.0,25.22014712500095,-56.0
m,same_costs,0.2,8,late,2,10,5,5,5/5,1.0,645,605,605.0,1250.0,5.221143167000264,0.0
m,same_costs,0.2,9,early,2,9,5,2,2/5,0.4,412,664,664.0,1076.0,15.943559749997805,37.0
m,same_costs,0.2,9,middle,2,9,5,4,4/5,0.8,476,904,904.0,1380.0,18.65366887500568,1.0
m,same_costs,0.2,9,late,2,9,5,5,5/5,1.0,529,700,700.0,1229.0,4.520340375005617,1.0
m,same_costs,0.2,10,early,2,10,5,1,1/5,0.2,295,265,265.0,560.0,10.984941500006244,6.0
m,same_costs,0.2,10,middle,2,10,5,5,5/5,1.0,463,693,693.0,1156.0,4.485073165997164,19.0
m,same_costs,0.2,10,late,2,10,5,5,5/5,1.0,487,603,603.0,1090.0,4.52746837498853,0.0
m,same_costs,0.2,11,early,2,8,4,3,3/4,0.75,411,638,638.0,1049.0,10.54091620798863,33.0
m,same_costs,0.2,11,middle,2,8,4,4,4/4,1.0,506,725,725.0,1231.0,4.572811999998521,53.0
m,same_costs,0.2,11,late,2,8,4,4,4/4,1.0,492,386,386.0,878.0,4.571685834001983,0.0
m,same_costs,0.2,12,early,2,10,5,1,1/5,0.2,317,418,418.0,735.0,17.72396120900521,64.0
m,same_costs,0.2,12,middle,2,10,5,3,3/5,0.6,413,719,719.0,1132.0,15.999039458009063,34.0
m,same_costs,0.2,12,late,2,10,5,5,5/5,1.0,539,566,566.0,1105.0,4.680974458999117,0.0
m,same_costs,0.2,13,early,2,9,5,2,2/5,0.4,298,293,293.0,591.0,16.1585147910082,0.0
m,same_costs,0.2,13,middle,2,9,5,5,5/5,1.0,452,530,530.0,982.0,3.919608958007302,5.0
m,same_costs,0.2,13,late,2,9,5,5,5/5,1.0,425,344,344.0,769.0,3.7433474169956753,17.0
m,same_costs,0.2,14,early,2,8,4,0,0/4,0.0,332,417,417.0,749.0,10.843754417001035,0.0
m,same_costs,0.2,14,middle,2,8,4,4,4/4,1.0,608,1186,1186.0,1794.0,5.390883707994362,43.0
m,same_costs,0.2,14,late,2,8,4,4,4/4,1.0,560,718,718.0,1278.0,5.156775750001543,0.0
m,same_costs,0.2,15,early,2,8,4,4,4/4,1.0,495,945,945.0,1440.0,4.223687000005157,30.0
m,same_costs,0.2,15,middle,2,8,4,4,4/4,1.0,478,702,702.0,1180.0,4.154415583005175,0.0
m,same_costs,0.2,15,late,2,8,4,4,4/4,1.0,523,410,410.0,933.0,4.333987874997547,0.0
m,same_costs,0.2,16,early,2,8,4,3,3/4,0.75,392,428,428.0,820.0,12.215486875007628,11.0
m,same_costs,0.2,16,middle,2,8,4,4,4/4,1.0,476,481,481.0,957.0,3.617461375004495,0.0
m,same_costs,0.2,16,late,2,8,4,4,4/4,1.0,491,472,472.0,963.0,3.5813460829958785,0.0
m,same_costs,0.2,17,early,2,9,5,4,4/5,0.8,393,546,546.0,939.0,16.164896292000776,22.0
m,same_costs,0.2,17,middle,2,9,5,5,5/5,1.0,407,623,623.0,1030.0,3.945508292003069,-17.0
m,same_costs,0.2,17,late,2,9,5,5,5/5,1.0,443,333,333.0,776.0,4.0577132500038715,0.0
m,same_costs,0.2,18,early,2,8,4,2,2/4,0.5,407,650,650.0,1057.0,20.06453904199589,0.0
m,same_costs,0.2,18,middle,2,8,4,4,4/4,1.0,508,904,904.0,1412.0,4.670472541998606,42.0
m,same_costs,0.2,18,late,2,8,4,4,4/4,1.0,495,457,457.0,952.0,4.435772041004384,0.0
m,same_costs,0.2,19,early,2,8,4,4,4/4,1.0,448,522,522.0,970.0,3.8026862920087297,33.0
m,same_costs,0.2,19,middle,2,8,4,4,4/4,1.0,435,467,467.0,902.0,3.838931500009494,-44.0
m,same_costs,0.2,19,late,2,8,4,4,4/4,1.0,473,337,337.0,810.0,4.072607832989888,0.0
m,same_costs,0.2,20,early,2,9,5,0,0/5,0.0,283,199,199.0,482.0,8.659344833999057,0.0
m,same_costs,0.2,20,middle,2,9,5,2,2/5,0.4,395,368,368.0,763.0,12.066466792006397,7.0
m,same_costs,0.2,20,late,2,9,5,5,5/5,1.0,553,506,506.0,1059.0,4.507646500002011,0.0
m,same_costs,0.5,1,early,2,7,3,2,2/3,0.67,230,191,191.0,421.0,7.444663125002989,36.0
m,same_costs,0.5,1,middle,2,7,3,3,3/3,1.0,241,189,189.0,430.0,2.5834484579972923,32.0
m,same_costs,0.5,1,late,2,7,3,3,3/3,1.0,255,150,150.0,405.0,2.6361675420048414,0.0
m,same_costs,0.5,2,early,2,8,4,4,4/4,1.0,534,1066,1066.0,1600.0,4.71389425000234,86.0
m,same_costs,0.5,2,middle,2,8,4,4,4/4,1.0,566,1043,1043.0,1609.0,4.927549542000634,140.0
m,same_costs,0.5,2,late,2,8,4,4,4/4,1.0,553,589,589.0,1142.0,4.761010917005478,0.0
m,same_costs,0.5,3,early,2,8,4,3,3/4,0.75,361,674,674.0,1035.0,8.80231216699758,59.0
m,same_costs,0.5,3,middle,2,8,4,4,4/4,1.0,370,463,463.0,833.0,3.5607640000089305,0.0
m,same_costs,0.5,3,late,2,8,4,4,4/4,1.0,374,334,334.0,708.0,3.431748917006189,0.0
m,same_costs,0.5,4,early,2,8,4,4,4/4,1.0,417,872,872.0,1289.0,3.9471231660136255,7.0
m,same_costs,0.5,4,middle,2,8,4,4,4/4,1.0,440,747,747.0,1187.0,3.962554957994143,-14.0
m,same_costs,0.5,4,late,2,8,4,4,4/4,1.0,448,391,391.0,839.0,3.992974167005741,0.0
m,same_costs,0.5,5,early,2,8,4,4,4/4,1.0,495,975,975.0,1470.0,4.515475708001759,23.0
m,same_costs,0.5,5,middle,2,8,4,4,4/4,1.0,507,698,698.0,1205.0,4.504973957999027,58.0
m,same_costs,0.5,5,late,2,8,4,4,4/4,1.0,513,520,520.0,1033.0,4.450288457999704,0.0
m,same_costs,0.5,6,early,2,7,3,1,1/3,0.33,262,255,255.0,517.0,9.302790333997107,28.0
m,same_costs,0.5,6,middle,2,7,3,2,2/3,0.67,350,311,311.0,661.0,10.011637291987428,56.0
m,same_costs,0.5,6,late,2,7,3,3,3/3,1.0,411,240,240.0,651.0,3.586541415992542,0.0
m,same_costs,0.5,7,early,2,9,5,0,0/5,0.0,108,9,9.0,117.0,5.22678262500267,0.0
m,same_costs,0.5,7,middle,2,9,5,2,2/5,0.4,223,82,82.0,305.0,8.9432112499926,0.0
m,same_costs,0.5,7,late,2,9,5,5,5/5,1.0,339,330,330.0,669.0,2.9778679160081083,0.0
m,same_costs,0.5,8,early,2,10,5,3,3/5,0.6,494,841,841.0,1335.0,52.00992858300742,160.0
m,same_costs,0.5,8,middle,2,10,5,4,4/5,0.8,598,1225,1225.0,1823.0,21.508473958005197,167.0
m,same_costs,0.5,8,late,2,10,5,5,5/5,1.0,645,605,605.0,1250.0,5.3494425829994725,0.0
m,same_costs,0.5,9,early,2,9,5,4,4/5,0.8,501,1005,1005.0,1506.0,18.253257875010604,81.0
m,same_costs,0.5,9,middle,2,9,5,5,5/5,1.0,582,1387,1387.0,1969.0,4.851495791997877,167.0
m,same_costs,0.5,9,late,2,9,5,5,5/5,1.0,529,700,700.0,1229.0,4.527080957996077,1.0
m,same_costs,0.5,10,early,2,10,5,2,2/5,0.4,294,263,263.0,557.0,12.2919055409875,4.0
m,same_costs,0.5,10,middle,2,10,5,5,5/5,1.0,463,693,693.0,1156.0,4.532348249995266,19.0
m,same_costs,0.5,10,late,2,10,5,5,5/5,1.0,487,603,603.0,1090.0,4.5852227919967845,0.0
m,same_costs,0.5,11,early,2,8,4,3,3/4,0.75,420,627,627.0,1047.0,15.246241291999468,43.0
m,same_costs,0.5,11,middle,2,8,4,4,4/4,1.0,506,725,725.0,1231.0,4.55077825000626,53.0
m,same_costs,0.5,11,late,2,8,4,4,4/4,1.0,492,386,386.0,878.0,4.4400532500003465,0.0
m,same_costs,0.5,12,early,2,10,5,2,2/5,0.4,400,583,583.0,983.0,44.476458374992944,177.0
m,same_costs,0.5,12,middle,2,10,5,4,4/5,0.8,454,813,813.0,1267.0,18.874636042004568,169.0
m,same_costs,0.5,12,late,2,10,5,5,5/5,1.0,539,566,566.0,1105.0,4.701560583009268,0.0
m,same_costs,0.5,13,early,2,9,5,4,4/5,0.8,408,552,552.0,960.0,9.57925837500079,11.0
m,same_costs,0.5,13,middle,2,9,5,5,5/5,1.0,452,530,530.0,982.0,3.939737249995233,5.0
m,same_costs,0.5,13,late,2,9,5,5,5/5,1.0,425,344,344.0,769.0,3.750870500007295,17.0
m,same_costs,0.5,14,early,2,8,4,2,2/4,0.5,477,1051,1051.0,1528.0,24.11910245800391,174.0
m,same_costs,0.5,14,middle,2,8,4,4,4/4,1.0,608,1186,1186.0,1794.0,5.48521279200213,43.0
m,same_costs,0.5,14,late,2,8,4,4,4/4,1.0,560,718,718.0,1278.0,5.235678833996644,0.0
m,same_costs,0.5,15,early,2,8,4,4,4/4,1.0,495,945,945.0,1440.0,4.345289959004731,30.0
m,same_costs,0.5,15,middle,2,8,4,4,4/4,1.0,478,702,702.0,1180.0,4.255095917003928,0.0
m,same_costs,0.5,15,late,2,8,4,4,4/4,1.0,523,410,410.0,933.0,4.440316459003952,0.0
m,same_costs,0.5,16,early,2,8,4,4,4/4,1.0,500,800,800.0,1300.0,3.8731983339966978,35.0
m,same_costs,0.5,16,middle,2,8,4,4,4/4,1.0,476,481,481.0,957.0,3.728233292000368,0.0
m,same_costs,0.5,16,late,2,8,4,4,4/4,1.0,491,472,472.0,963.0,3.734048792000976,0.0
m,same_costs,0.5,17,early,2,9,5,4,4/5,0.8,356,418,418.0,774.0,16.104409250008757,52.0
m,same_costs,0.5,17,middle,2,9,5,5,5/5,1.0,407,623,623.0,1030.0,4.001286833008635,-17.0
m,same_costs,0.5,17,late,2,9,5,5,5/5,1.0,443,333,333.0,776.0,4.109827332998975,0.0
m,same_costs,0.5,18,early,2,8,4,3,3/4,0.75,465,776,776.0,1241.0,16.95715308400395,129.0
m,same_costs,0.5,18,middle,2,8,4,4,4/4,1.0,508,904,904.0,1412.0,4.758231291998527,42.0
m,same_costs,0.5,18,late,2,8,4,4,4/4,1.0,495,457,457.0,952.0,4.621204374998342,0.0
m,same_costs,0.5,19,early,2,8,4,4,4/4,1.0,448,522,522.0,970.0,3.931246166990604,33.0
m,same_costs,0.5,19,middle,2,8,4,4,4/4,1.0,435,467,467.0,902.0,3.774276791999,-44.0
m,same_costs,0.5,19,late,2,8,4,4,4/4,1.0,473,337,337.0,810.0,4.106587749993196,0.0
m,same_costs,0.5,20,early,2,9,5,1,1/5,0.2,320,268,268.0,588.0,12.191604417006602,69.0
m,same_costs,0.5,20,middle,2,9,5,3,3/5,0.6,465,536,536.0,1001.0,15.399447333998978,19.0
m,same_costs,0.5,20,late,2,9,5,5,5/5,1.0,553,506,506.0,1059.0,4.526875499999733,0.0
s,portion_of_3_7,0.1,1,early,2,4,3,3,3/3,1.0,245,192,45.37519999999999,290.3752,1.922326250001788,0.0
s,portion_of_3_7,0.1,1,middle,2,4,3,3,3/3,1.0,260,122,32.388299999999994,292.3883,1.98041387500416,0.0
s,portion_of_3_7,0.1,1,late,2,4,3,3,3/3,1.0,255,173,48.8557,303.8557,1.9560444579983596,0.0
s,portion_of_3_7,0.1,2,early,2,4,3,2,2/3,0.67,184,54,18.683999999999997,202.684,3.1144369579997147,0.0
s,portion_of_3_7,0.1,2,middle,2,4,3,3,3/3,1.0,288,185,61.5959,349.59590000000003,1.8551050420064712,0.0
s,portion_of_3_7,0.1,2,late,2,4,3,1,1/3,0.33,152,0,0.0,152.0,5.9208198330015875,0.0
s,portion_of_3_7,0.1,3,early,2,4,3,3,3/3,1.0,184,105,23.591,207.591,1.4699878750107018,0.0
s,portion_of_3_7,0.1,3,middle,2,4,3,3,3/3,1.0,182,76,30.3164,212.3164,1.500904582993826,0.0
s,portion_of_3_7,0.1,3,late,2,4,3,3,3/3,1.0,196,20,3.744,199.744,1.5052251669985708,0.0
s,portion_of_3_7,0.1,4,early,2,4,3,3,3/3,1.0,264,183,33.6456,297.6456,1.9041573330032409,0.0
s,portion_of_3_7,0.1,4,middle,2,4,3,3,3/3,1.0,264,115,12.707,276.707,1.980396082988591,0.0
s,portion_of_3_7,0.1,4,late,2,4,3,3,3/3,1.0,288,105,13.1688,301.1688,1.943880500009982,0.0
s,portion_of_3_7,0.1,5,early,2,5,3,1,1/3,0.33,148,63,22.4708,170.4708,4.383994207993965,0.0
s,portion_of_3_7,0.1,5,middle,2,5,3,3,3/3,1.0,354,276,41.6419,395.6419,2.7513920409983257,-0.9719
s,portion_of_3_7,0.1,5,late,2,5,3,3,3/3,1.0,370,107,15.9058,385.9058,2.826293333011563,0.0
s,portion_of_3_7,0.1,6,early,2,5,3,0,0/3,0.0,167,53,52.1679,219.1679,4.668672458006768,0.0
s,portion_of_3_7,0.1,6,middle,2,5,3,2,2/3,0.67,236,156,61.3826,297.3826,5.796472833011649,0.0
s,portion_of_3_7,0.1,6,late,2,5,3,3,3/3,1.0,346,98,54.974,400.974,2.742877458993462,0.0
s,portion_of_3_7,0.1,7,early,2,5,3,2,2/3,0.67,332,331,92.8268,424.8268,5.037154083009227,0.0
s,portion_of_3_7,0.1,7,middle,2,5,3,2,2/3,0.67,332,284,87.9109,419.9109,5.031457915989449,0.0
s,portion_of_3_7,0.1,7,late,2,5,3,3,3/3,1.0,365,190,68.0831,433.0831,2.414851167006418,0.0
s,portion_of_3_7,0.1,8,early,2,5,3,3,3/3,1.0,250,212,38.637699999999995,288.6377,1.7810506250098117,-18.5265
s,portion_of_3_7,0.1,8,middle,2,5,3,1,1/3,0.33,167,18,14.499,181.499,4.07494795799721,-4.0275
s,portion_of_3_7,0.1,8,late,2,5,3,3,3/3,1.0,247,109,27.863,274.863,1.7917340410058389,-4.0275
s,portion_of_3_7,0.1,9,early,2,5,3,1,1/3,0.33,222,109,50.1433,272.1433,4.420566417000373,0.0
s,portion_of_3_7,0.1,9,middle,2,5,3,2,2/3,0.67,243,188,69.33970000000001,312.3397,6.259688542006188,0.0
s,portion_of_3_7,0.1,9,late,2,5,3,3,3/3,1.0,360,223,77.4499,437.4499,2.4830949169991072,0.0
s,portion_of_3_7,0.1,10,early,2,4,3,3,3/3,1.0,240,188,33.0809,273.0809,1.8506018339976436,0.0
s,portion_of_3_7,0.1,10,middle,2,4,3,3,3/3,1.0,252,163,27.8092,279.8092,1.8117256670084316,0.0
s,portion_of_3_7,0.1,10,late,2,4,3,3,3/3,1.0,268,153,27.8178,295.8178,1.839460290997522,0.0
s,portion_of_3_7,0.1,11,early,2,4,3,3,3/3,1.0,207,207,28.1609,235.1609,1.747615542000858,0.0
s,portion_of_3_7,0.1,11,middle,2,4,3,3,3/3,1.0,235,79,12.7911,247.7911,1.7544072500022594,0.0
s,portion_of_3_7,0.1,11,late,2,4,3,3,3/3,1.0,252,51,8.3079,260.3079,1.905941958000767,0.0
s,portion_of_3_7,0.1,12,early,2,5,3,3,3/3,1.0,276,207,55.4675,331.4675,2.1569399160071043,-10.506799999999998
s,portion_of_3_7,0.1,12,middle,2,5,3,1,1/3,0.33,204,69,25.799999999999997,229.8,4.0803109999978915,0.0
s,portion_of_3_7,0.1,12,late,2,5,3,3,3/3,1.0,335,85,34.9259,369.9259,2.2992563329898985,0.0
s,portion_of_3_7,0.1,13,early,2,3,2,1,1/2,0.5,136,0,0.0,136.0,2.798368708987254,0.0
s,portion_of_3_7,0.1,13,middle,2,3,2,2,2/2,1.0,200,23,9.0643,209.0643,1.5734861250093672,0.0
s,portion_of_3_7,0.1,13,late,2,3,2,2,2/2,1.0,219,0,0.0,219.0,1.5358785830030683,0.0
s,portion_of_3_7,0.1,14,early,2,4,3,3,3/3,1.0,232,162,28.3912,260.3912,1.7505696669977624,0.0
s,portion_of_3_7,0.1,14,middle,2,4,3,3,3/3,1.0,231,112,15.252,246.252,1.7395548750064336,0.0
s,portion_of_3_7,0.1,14,late,2,4,3,3,3/3,1.0,259,87,17.547400000000003,276.5474,1.9453048750001471,0.0
s,portion_of_3_7,0.1,15,early,2,5,3,0,0/3,0.0,119,64,60.6848,179.6848,3.7893732499942416,0.0
s,portion_of_3_7,0.1,15,middle,2,5,3,1,1/3,0.33,205,81,65.9599,270.9599,4.50598145800177,0.0
s,portion_of_3_7,0.1,15,late,2,5,3,3,3/3,1.0,317,154,93.2138,410.2138,2.4645576670009177,0.0
s,portion_of_3_7,0.1,16,early,2,3,2,2,2/2,1.0,284,163,16.022,300.022,1.8530060000048252,0.0
s,portion_of_3_7,0.1,16,middle,2,3,2,2,2/2,1.0,276,49,4.7285,280.7285,1.883175625000149,0.0
s,portion_of_3_7,0.1,16,late,2,3,2,2,2/2,1.0,293,53,5.459,298.459,1.8909795840008885,0.0
s,portion_of_3_7,0.1,17,early,2,3,2,2,2/2,1.0,222,122,18.2773,240.2773,1.5808975420077331,0.0
s,portion_of_3_7,0.1,17,middle,2,3,2,2,2/2,1.0,222,42,4.533200000000001,226.5332,1.575585416998365,0.0
s,portion_of_3_7,0.1,17,late,2,3,2,2,2/2,1.0,259,12,2.6472,261.6472,1.796148458000971,0.0
s,portion_of_3_7,0.1,18,early,2,4,3,0,0/3,0.0,77,0,0.0,77.0,2.1851064169895835,0.0
s,portion_of_3_7,0.1,18,middle,2,4,3,3,3/3,1.0,298,80,27.2579,325.2579,1.7567266249971,0.0
s,portion_of_3_7,0.1,18,late,2,4,3,3,3/3,1.0,306,86,28.6184,334.6184,1.7983566249895375,0.0
s,portion_of_3_7,0.1,19,early,2,3,2,1,1/2,0.5,116,0,0.0,116.0,3.0525072919990635,0.0
s,portion_of_3_7,0.1,19,middle,2,3,2,2,2/2,1.0,244,21,6.5716,250.5716,1.6619006249966333,0.0
s,portion_of_3_7,0.1,19,late,2,3,2,2,2/2,1.0,244,8,2.6595,246.6595,1.7133756249968428,0.0
s,portion_of_3_7,0.1,20,early,2,5,3,3,3/3,1.0,332,329,73.62610000000001,405.6261,2.7853164580010343,0.0
s,portion_of_3_7,0.1,20,middle,2,5,3,3,3/3,1.0,332,333,77.6874,409.6874,2.7885939580010017,0.0
s,portion_of_3_7,0.1,20,late,2,5,3,3,3/3,1.0,359,179,35.434599999999996,394.4346,2.9264047500037123,0.0
s,portion_of_3_7,0.2,1,early,2,4,3,3,3/3,1.0,245,192,45.37519999999999,290.3752,2.0293790829891805,0.0
s,portion_of_3_7,0.2,1,middle,2,4,3,3,3/3,1.0,260,122,32.388299999999994,292.3883,2.0829105000011623,0.0
s,portion_of_3_7,0.2,1,late,2,4,3,3,3/3,1.0,255,173,48.8557,303.8557,1.937264874999528,0.0
s,portion_of_3_7,0.2,2,early,2,4,3,2,2/3,0.67,184,54,18.683999999999997,202.684,3.1984000410011504,0.0
s,portion_of_3_7,0.2,2,middle,2,4,3,3,3/3,1.0,288,185,61.5959,349.59590000000003,1.8511694170010744,0.0
s,portion_of_3_7,0.2,2,late,2,4,3,1,1/3,0.33,152,0,0.0,152.0,5.8809174170019105,0.0
s,portion_of_3_7,0.2,3,early,2,4,3,3,3/3,1.0,184,105,23.591,207.591,1.469561750011053,0.0
s,portion_of_3_7,0.2,3,middle,2,4,3,3,3/3,1.0,182,76,30.3164,212.3164,1.5838690830132691,0.0
s,portion_of_3_7,0.2,3,late,2,4,3,3,3/3,1.0,196,20,3.744,199.744,1.5025044590001926,0.0
s,portion_of_3_7,0.2,4,early,2,4,3,3,3/3,1.0,264,183,33.6456,297.6456,1.9163739580108088,0.0
s,portion_of_3_7,0.2,4,middle,2,4,3,3,3/3,1.0,264,115,12.707,276.707,1.9080969159986123,0.0
s,portion_of_3_7,0.2,4,late,2,4,3,3,3/3,1.0,288,105,13.1688,301.1688,2.02973862500221,0.0
s,portion_of_3_7,0.2,5,early,2,5,3,1,1/3,0.33,148,63,22.4708,170.4708,4.490736833002302,0.0
s,portion_of_3_7,0.2,5,middle,2,5,3,3,3/3,1.0,354,276,41.6419,395.6419,2.8411657079996075,-0.9719
s,portion_of_3_7,0.2,5,late,2,5,3,3,3/3,1.0,370,107,15.9058,385.9058,2.7824992499954533,0.0
s,portion_of_3_7,0.2,6,early,2,5,3,0,0/3,0.0,167,53,52.1679,219.1679,4.773666041990509,0.0
s,portion_of_3_7,0.2,6,middle,2,5,3,2,2/3,0.67,236,156,61.3826,297.3826,5.819864749995759,0.0
s,portion_of_3_7,0.2,6,late,2,5,3,3,3/3,1.0,346,98,54.974,400.974,2.770165416004602,0.0
s,portion_of_3_7,0.2,7,early,2,5,3,2,2/3,0.67,332,331,92.8268,424.8268,5.0578828750003595,0.0
s,portion_of_3_7,0.2,7,middle,2,5,3,2,2/3,0.67,332,284,87.9109,419.9109,4.956364625002607,0.0
s,portion_of_3_7,0.2,7,late,2,5,3,3,3/3,1.0,365,190,68.0831,433.0831,2.3433254580013454,0.0
s,portion_of_3_7,0.2,8,early,2,5,3,3,3/3,1.0,250,212,38.637699999999995,288.6377,1.790890333999414,-18.5265
s,portion_of_3_7,0.2,8,middle,2,5,3,1,1/3,0.33,167,18,14.499,181.499,4.103763207996963,-4.0275
s,portion_of_3_7,0.2,8,late,2,5,3,3,3/3,1.0,247,109,27.863,274.863,1.7983658339944668,-4.0275
s,portion_of_3_7,0.2,9,early,2,5,3,1,1/3,0.33,222,109,50.1433,272.1433,4.35767716699047,0.0
s,portion_of_3_7,0.2,9,middle,2,5,3,2,2/3,0.67,243,188,69.33970000000001,312.3397,6.304139624990057,0.0
s,portion_of_3_7,0.2,9,late,2,5,3,3,3/3,1.0,360,223,77.4499,437.4499,2.403975374996662,0.0
s,portion_of_3_7,0.2,10,early,2,4,3,3,3/3,1.0,240,188,33.0809,273.0809,1.7186162910074927,0.0
s,portion_of_3_7,0.2,10,middle,2,4,3,3,3/3,1.0,252,163,27.8092,279.8092,1.7616629999974975,0.0
s,portion_of_3_7,0.2,10,late,2,4,3,3,3/3,1.0,268,153,27.8178,295.8178,1.8540106669970555,0.0
s,portion_of_3_7,0.2,11,early,2,4,3,3,3/3,1.0,207,207,28.1609,235.1609,1.7836552079970716,0.0
s,portion_of_3_7,0.2,11,middle,2,4,3,3,3/3,1.0,235,79,12.7911,247.7911,1.79350087500643,0.0
s,portion_of_3_7,0.2,11,late,2,4,3,3,3/3,1.0,252,51,8.3079,260.3079,1.8802810829947705,0.0
s,portion_of_3_7,0.2,12,early,2,5,3,3,3/3,1.0,276,207,55.4675,331.4675,2.116497499999241,-10.506799999999998
s,portion_of_3_7,0.2,12,middle,2,5,3,1,1/3,0.33,204,69,25.799999999999997,229.8,4.050272207998205,0.0
s,portion_of_3_7,0.2,12,late,2,5,3,3,3/3,1.0,335,85,34.9259,369.9259,2.335323875013273,0.0
s,portion_of_3_7,0.2,13,early,2,3,2,1,1/2,0.5,136,0,0.0,136.0,2.8277220409945585,0.0
s,portion_of_3_7,0.2,13,middle,2,3,2,2,2/2,1.0,200,23,9.0643,209.0643,1.6035965839982964,0.0
s,portion_of_3_7,0.2,13,late,2,3,2,2,2/2,1.0,219,0,0.0,219.0,1.550410459007253,0.0
s,portion_of_3_7,0.2,14,early,2,4,3,3,3/3,1.0,232,162,28.3912,260.3912,1.7943634999974163,0.0
s,portion_of_3_7,0.2,14,middle,2,4,3,3,3/3,1.0,231,112,15.252,246.252,1.7558872920053543,0.0
s,portion_of_3_7,0.2,14,late,2,4,3,3,3/3,1.0,259,87,17.547400000000003,276.5474,1.9742327080020912,0.0
s,portion_of_3_7,0.2,15,early,2,5,3,0,0/3,0.0,119,64,60.6848,179.6848,3.82862254200154,0.0
s,portion_of_3_7,0.2,15,middle,2,5,3,1,1/3,0.33,205,81,65.9599,270.9599,4.642382124991855,0.0
s,portion_of_3_7,0.2,15,late,2,5,3,3,3/3,1.0,317,154,93.2138,410.2138,2.561913375000586,0.0
s,portion_of_3_7,0.2,16,early,2,3,2,2,2/2,1.0,284,163,16.022,300.022,1.8801722499920288,0.0
s,portion_of_3_7,0.2,16,middle,2,3,2,2,2/2,1.0,276,49,4.7285,280.7285,1.8178380000026664,0.0
s,portion_of_3_7,0.2,16,late,2,3,2,2,2/2,1.0,293,53,5.459,298.459,1.9705216669972287,0.0
s,portion_of_3_7,0.2,17,early,2,3,2,2,2/2,1.0,222,122,18.2773,240.2773,1.614584791008383,0.0
s,portion_of_3_7,0.2,17,middle,2,3,2,2,2/2,1.0,222,42,4.533200000000001,226.5332,1.5740098749956817,0.0
s,portion_of_3_7,0.2,17,late,2,3,2,2,2/2,1.0,259,12,2.6472,261.6472,1.824188625003444,0.0
s,portion_of_3_7,0.2,18,early,2,4,3,0,0/3,0.0,77,0,0.0,77.0,2.1974948330025654,0.0
s,portion_of_3_7,0.2,18,middle,2,4,3,3,3/3,1.0,298,80,27.2579,325.2579,1.8622954589955043,0.0
s,portion_of_3_7,0.2,18,late,2,4,3,3,3/3,1.0,306,86,28.6184,334.6184,1.8095437080046397,0.0
s,portion_of_3_7,0.2,19,early,2,3,2,1,1/2,0.5,116,0,0.0,116.0,3.129488291000598,0.0
s,portion_of_3_7,0.2,19,middle,2,3,2,2,2/2,1.0,244,21,6.5716,250.5716,1.6774292909976791,0.0
s,portion_of_3_7,0.2,19,late,2,3,2,2,2/2,1.0,244,8,2.6595,246.6595,1.6585100420052186,0.0
s,portion_of_3_7,0.2,20,early,2,5,3,3,3/3,1.0,332,329,73.62610000000001,405.6261,2.7977420829993207,0.0
s,portion_of_3_7,0.2,20,middle,2,5,3,3,3/3,1.0,332,333,77.6874,409.6874,2.8706180000008317,0.0
s,portion_of_3_7,0.2,20,late,2,5,3,3,3/3,1.0,359,179,35.434599999999996,394.4346,2.9220590420009103,0.0
s,portion_of_3_7,0.5,1,early,2,4,3,3,3/3,1.0,245,192,45.37519999999999,290.3752,1.9598685000091791,0.0
s,portion_of_3_7,0.5,1,middle,2,4,3,3,3/3,1.0,260,122,32.388299999999994,292.3883,1.9902364579902496,0.0
s,portion_of_3_7,0.5,1,late,2,4,3,3,3/3,1.0,255,173,48.8557,303.8557,2.0297003330051666,0.0
s,portion_of_3_7,0.5,2,early,2,4,3,2,2/3,0.67,184,54,18.683999999999997,202.684,3.2217138330015587,0.0
s,portion_of_3_7,0.5,2,middle,2,4,3,3,3/3,1.0,288,185,61.5959,349.59590000000003,1.9642684580030616,0.0
s,portion_of_3_7,0.5,2,late,2,4,3,1,1/3,0.33,152,0,0.0,152.0,5.897856124996906,0.0
s,portion_of_3_7,0.5,3,early,2,4,3,3,3/3,1.0,184,105,23.591,207.591,1.4798234580084682,0.0
s,portion_of_3_7,0.5,3,middle,2,4,3,3,3/3,1.0,182,76,30.3164,212.3164,1.5189450409961864,0.0
s,portion_of_3_7,0.5,3,late,2,4,3,3,3/3,1.0,196,20,3.744,199.744,1.5997747920046097,0.0
s,portion_of_3_7,0.5,4,early,2,4,3,3,3/3,1.0,264,183,33.6456,297.6456,1.9934887910058023,0.0
s,portion_of_3_7,0.5,4,middle,2,4,3,3,3/3,1.0,264,115,12.707,276.707,1.996214250000776,0.0
s,portion_of_3_7,0.5,4,late,2,4,3,3,3/3,1.0,288,105,13.1688,301.1688,1.962891999995918,0.0
s,portion_of_3_7,0.5,5,early,2,5,3,1,1/3,0.33,148,63,22.4708,170.4708,4.461246916005621,0.0
s,portion_of_3_7,0.5,5,middle,2,5,3,3,3/3,1.0,354,276,41.6419,395.6419,2.795833125011995,-0.9719
s,portion_of_3_7,0.5,5,late,2,5,3,3,3/3,1.0,370,107,15.9058,385.9058,2.851140667000436,0.0
s,portion_of_3_7,0.5,6,early,2,5,3,1,1/3,0.33,243,88,77.9384,320.9384,5.826841500005685,25.770500000000002
s,portion_of_3_7,0.5,6,middle,2,5,3,2,2/3,0.67,236,156,61.3826,297.3826,5.869967833001283,0.0
s,portion_of_3_7,0.5,6,late,2,5,3,3,3/3,1.0,346,98,54.974,400.974,2.851589291007258,0.0
s,portion_of_3_7,0.5,7,early,2,5,3,2,2/3,0.67,332,331,92.8268,424.8268,5.079508292008541,0.0
s,portion_of_3_7,0.5,7,middle,2,5,3,2,2/3,0.67,332,284,87.9109,419.9109,5.056327917001909,0.0
s,portion_of_3_7,0.5,7,late,2,5,3,3,3/3,1.0,365,190,68.0831,433.0831,2.4394581249944167,0.0
s,portion_of_3_7,0.5,8,early,2,5,3,3,3/3,1.0,250,212,38.637699999999995,288.6377,1.8087437499925727,-18.5265
s,portion_of_3_7,0.5,8,middle,2,5,3,1,1/3,0.33,167,18,14.499,181.499,4.1323931670049205,-4.0275
s,portion_of_3_7,0.5,8,late,2,5,3,3,3/3,1.0,247,109,27.863,274.863,1.8263912500115111,-4.0275
s,portion_of_3_7,0.5,9,early,2,5,3,1,1/3,0.33,222,109,50.1433,272.1433,4.462041374994442,0.0
s,portion_of_3_7,0.5,9,middle,2,5,3,2,2/3,0.67,243,188,69.33970000000001,312.3397,6.360804915995686,0.0
s,portion_of_3_7,0.5,9,late,2,5,3,3,3/3,1.0,360,223,77.4499,437.4499,2.505044874997111,0.0
s,portion_of_3_7,0.5,10,early,2,4,3,3,3/3,1.0,240,188,33.0809,273.0809,1.7214187500067055,0.0
s,portion_of_3_7,0.5,10,middle,2,4,3,3,3/3,1.0,252,163,27.8092,279.8092,1.7741506250022212,0.0
s,portion_of_3_7,0.5,10,late,2,4,3,3,3/3,1.0,268,153,27.8178,295.8178,1.886494499995024,0.0
s,portion_of_3_7,0.5,11,early,2,4,3,3,3/3,1.0,207,207,28.1609,235.1609,1.8017971250083065,0.0
s,portion_of_3_7,0.5,11,middle,2,4,3,3,3/3,1.0,235,79,12.7911,247.7911,1.8829584999912183,0.0
s,portion_of_3_7,0.5,11,late,2,4,3,3,3/3,1.0,252,51,8.3079,260.3079,1.8784918330056823,0.0
s,portion_of_3_7,0.5,12,early,2,5,3,3,3/3,1.0,276,207,55.4675,331.4675,2.11991016700631,-10.506799999999998
s,portion_of_3_7,0.5,12,middle,2,5,3,3,3/3,1.0,284,195,72.7474,356.74739999999997,2.1560765000031097,4.694
s,portion_of_3_7,0.5,12,late,2,5,3,3,3/3,1.0,335,85,34.9259,369.9259,2.4372440000006463,0.0
s,portion_of_3_7,0.5,13,early,2,3,2,1,1/2,0.5,136,0,0.0,136.0,2.7754883330053417,0.0
s,portion_of_3_7,0.5,13,middle,2,3,2,2,2/2,1.0,200,23,9.0643,209.0643,1.6221319169999333,0.0
s,portion_of_3_7,0.5,13,late,2,3,2,2,2/2,1.0,219,0,0.0,219.0,1.5666645000019344,0.0
s,portion_of_3_7,0.5,14,early,2,4,3,3,3/3,1.0,232,162,28.3912,260.3912,1.8021802500006745,0.0
s,portion_of_3_7,0.5,14,middle,2,4,3,3,3/3,1.0,231,112,15.252,246.252,1.7707741250051183,0.0
s,portion_of_3_7,0.5,14,late,2,4,3,3,3/3,1.0,259,87,17.547400000000003,276.5474,2.001373999999487,0.0
s,portion_of_3_7,0.5,15,early,2,5,3,3,3/3,1.0,295,368,176.3709,471.3709,2.568961292010499,18.1408
s,portion_of_3_7,0.5,15,middle,2,5,3,3,3/3,1.0,306,253,144.8299,450.8299,2.5558968749974156,25.6014
s,portion_of_3_7,0.5,15,late,2,5,3,3,3/3,1.0,317,154,93.2138,410.2138,2.5734184169996297,0.0
s,portion_of_3_7,0.5,16,early,2,3,2,2,2/2,1.0,284,163,16.022,300.022,1.9879412910086105,0.0
s,portion_of_3_7,0.5,16,middle,2,3,2,2,2/2,1.0,276,49,4.7285,280.7285,1.8588109580014136,0.0
s,portion_of_3_7,0.5,16,late,2,3,2,2,2/2,1.0,293,53,5.459,298.459,1.944319499991252,0.0
s,portion_of_3_7,0.5,17,early,2,3,2,2,2/2,1.0,222,122,18.2773,240.2773,1.6286010829935549,0.0
s,portion_of_3_7,0.5,17,middle,2,3,2,2,2/2,1.0,222,42,4.533200000000001,226.5332,1.691819375002524,0.0
s,portion_of_3_7,0.5,17,late,2,3,2,2,2/2,1.0,259,12,2.6472,261.6472,1.752683624989004,0.0
s,portion_of_3_7,0.5,18,early,2,4,3,0,0/3,0.0,77,0,0.0,77.0,2.1363093340041814,0.0
s,portion_of_3_7,0.5,18,middle,2,4,3,3,3/3,1.0,298,80,27.2579,325.2579,1.787026457997854,0.0
s,portion_of_3_7,0.5,18,late,2,4,3,3,3/3,1.0,306,86,28.6184,334.6184,1.900947249989258,0.0
s,portion_of_3_7,0.5,19,early,2,3,2,1,1/2,0.5,116,0,0.0,116.0,3.1887527910002973,0.0
s,portion_of_3_7,0.5,19,middle,2,3,2,2,2/2,1.0,244,21,6.5716,250.5716,1.6870570000028238,0.0
s,portion_of_3_7,0.5,19,late,2,3,2,2,2/2,1.0,244,8,2.6595,246.6595,1.6744082500081277,0.0
s,portion_of_3_7,0.5,20,early,2,5,3,3,3/3,1.0,332,329,73.62610000000001,405.6261,2.8926618749974295,0.0
s,portion_of_3_7,0.5,20,middle,2,5,3,3,3/3,1.0,332,333,77.6874,409.6874,2.807181790994946,0.0
s,portion_of_3_7,0.5,20,late,2,5,3,3,3/3,1.0,359,179,35.434599999999996,394.4346,2.908610582991969,0.0
s,portion_of_7_3,0.1,1,early,2,5,1,1,1/1,1.0,221,179,102.8374,323.8374,2.218011334000039,0.0
s,portion_of_7_3,0.1,1,middle,2,5,1,1,1/1,1.0,221,73,67.4228,288.4228,2.188238665999961,0.0
s,portion_of_7_3,0.1,1,late,2,5,1,1,1/1,1.0,224,73,67.4228,291.4228,2.1114459590025945,0.0
s,portion_of_7_3,0.1,2,early,2,5,1,0,0/1,0.0,182,172,146.21460000000002,328.2146,2.0470507919962984,0.0
s,portion_of_7_3,0.1,2,middle,2,5,1,0,0/1,0.0,182,172,146.21460000000002,328.2146,2.1135814159933943,0.0
s,portion_of_7_3,0.1,2,late,2,5,1,1,1/1,1.0,274,172,146.21460000000002,420.2146,2.440110083000036,0.0
s,portion_of_7_3,0.1,3,early,2,4,1,0,0/1,0.0,143,21,19.8546,162.8546,1.7993226670078002,0.0
s,portion_of_7_3,0.1,3,middle,2,4,1,0,0/1,0.0,143,21,19.8546,162.8546,1.6191652080015049,0.0
s,portion_of_7_3,0.1,3,late,2,4,1,1,1/1,1.0,241,21,19.8546,260.8546,2.1407696249953005,0.0
s,portion_of_7_3,0.1,4,early,2,5,1,1,1/1,1.0,332,474,403.6436,735.6436,3.1880724579968955,-144.04690000000002
s,portion_of_7_3,0.1,4,middle,2,5,1,1,1/1,1.0,359,653,509.3629,868.3629,3.245614250001381,-47.831599999999995
s,portion_of_7_3,0.1,4,late,2,5,1,1,1/1,1.0,379,647,562.8307,941.8307,3.390965749989846,15.0082
s,portion_of_7_3,0.1,5,early,2,3,1,1,1/1,1.0,217,156,64.38850000000001,281.3885,2.0904388339986326,-20.7375
s,portion_of_7_3,0.1,5,middle,2,3,1,1,1/1,1.0,217,86,56.1985,273.1985,2.0852025839994894,-20.7375
s,portion_of_7_3,0.1,5,late,2,3,1,1,1/1,1.0,238,74,73.075,311.075,2.0690047919924837,0.0
s,portion_of_7_3,0.1,6,early,2,4,1,0,0/1,0.0,127,0,0.0,127.0,1.3098272909992374,0.0
s,portion_of_7_3,0.1,6,middle,2,4,1,1,1/1,1.0,156,0,0.0,156.0,1.3853427080030087,0.0
s,portion_of_7_3,0.1,6,late,2,4,1,1,1/1,1.0,197,0,0.0,197.0,1.6409964999911608,0.0
s,portion_of_7_3,0.1,7,early,2,3,1,1,1/1,1.0,250,90,27.1666,277.1666,1.930135208007414,-38.3754
s,portion_of_7_3,0.1,7,middle,2,3,1,0,0/1,0.0,141,64,58.4768,199.4768,1.4875849170057336,0.0
s,portion_of_7_3,0.1,7,late,2,3,1,1,1/1,1.0,246,64,58.4768,304.4768,1.8040986669948325,0.0
s,portion_of_7_3,0.1,8,early,2,4,1,1,1/1,1.0,309,278,211.0219,520.0219,2.8390253749967087,0.5760000000000005
s,portion_of_7_3,0.1,8,middle,2,4,1,0,0/1,0.0,234,191,175.2926,409.2926,2.5749557499948423,0.0
s,portion_of_7_3,0.1,8,late,2,4,1,1,1/1,1.0,344,191,175.2926,519.2926,2.9688993339950684,0.0
s,portion_of_7_3,0.1,9,early,2,5,1,0,0/1,0.0,230,232,215.6405,445.6405,2.700568333006231,0.0
s,portion_of_7_3,0.1,9,middle,2,5,1,1,1/1,1.0,267,248,215.1301,482.1301,2.75033833400812,-4.6075
s,portion_of_7_3,0.1,9,late,2,5,1,1,1/1,1.0,368,232,215.6405,583.6405,3.243051999990712,0.0
s,portion_of_7_3,0.1,10,early,2,4,1,1,1/1,1.0,204,41,31.4751,235.4751,1.7521645829983754,0.0
s,portion_of_7_3,0.1,10,middle,2,4,1,1,1/1,1.0,212,37,31.2687,243.2687,1.8595450410066403,0.0
s,portion_of_7_3,0.1,10,late,2,4,1,1,1/1,1.0,243,37,31.2687,274.2687,1.9165555000072343,0.0
s,portion_of_7_3,0.1,11,early,2,4,1,0,0/1,0.0,180,90,77.1276,257.12760000000003,2.153360333002638,0.0
s,portion_of_7_3,0.1,11,middle,2,4,1,1,1/1,1.0,280,143,91.1673,371.1673,2.4650580840097973,0.0
s,portion_of_7_3,0.1,11,late,2,4,1,1,1/1,1.0,280,90,77.1276,357.12760000000003,2.534235583007103,0.0
s,portion_of_7_3,0.1,12,early,2,3,1,1,1/1,1.0,209,0,0.0,209.0,1.6989755829999922,0.0
s,portion_of_7_3,0.1,12,middle,2,3,1,1,1/1,1.0,211,0,0.0,211.0,1.6097654170007445,0.0
s,portion_of_7_3,0.1,12,late,2,3,1,1,1/1,1.0,257,0,0.0,257.0,1.813607999996748,0.0
s,portion_of_7_3,0.1,13,early,2,5,1,1,1/1,1.0,231,145,99.9979,330.9979,2.3657802089874167,6.361199999999998
s,portion_of_7_3,0.1,13,middle,2,5,1,1,1/1,1.0,255,97,79.0127,334.0127,2.405951125008869,0.0
s,portion_of_7_3,0.1,13,late,2,5,1,1,1/1,1.0,281,83,73.8943,354.8943,2.586928832999547,0.0
s,portion_of_7_3,0.1,14,early,2,5,1,1,1/1,1.0,394,506,363.0858,757.0858000000001,3.5211870829953114,19.6325
s,portion_of_7_3,0.1,14,middle,2,5,1,1,1/1,1.0,389,428,341.9868,730.9868,3.5078081669926178,15.177499999999998
s,portion_of_7_3,0.1,14,late,2,5,1,1,1/1,1.0,465,354,311.9893,776.9893,3.7865838339930633,0.0
s,portion_of_7_3,0.1,15,early,2,5,1,0,0/1,0.0,158,52,45.0216,203.0216,1.8080126669956371,0.0
s,portion_of_7_3,0.1,15,middle,2,5,1,0,0/1,0.0,158,52,45.0216,203.0216,1.7732685840019258,0.0
s,portion_of_7_3,0.1,15,late,2,5,1,1,1/1,1.0,224,52,45.0216,269.0216,2.0604444579948904,0.0
s,portion_of_7_3,0.1,16,early,2,3,1,1,1/1,1.0,213,27,7.9866,220.9866,1.7630687920027412,0.0
s,portion_of_7_3,0.1,16,middle,2,3,1,1,1/1,1.0,213,18,5.3244,218.3244,1.7542678750032792,0.0
s,portion_of_7_3,0.1,16,late,2,3,1,1,1/1,1.0,222,0,0.0,222.0,1.587056707998272,0.0
s,portion_of_7_3,0.1,17,early,2,4,1,1,1/1,1.0,219,69,28.3626,247.3626,1.8069417499937117,0.0
s,portion_of_7_3,0.1,17,middle,2,4,1,1,1/1,1.0,219,27,24.948,243.948,1.7853475000010803,0.0
s,portion_of_7_3,0.1,17,late,2,4,1,1,1/1,1.0,241,27,24.948,265.948,1.8104189169971503,0.0
s,portion_of_7_3,0.1,18,early,2,3,1,0,0/1,0.0,135,36,32.5107,167.5107,1.4119944999984,0.0
s,portion_of_7_3,0.1,18,middle,2,3,1,1,1/1,1.0,184,36,32.5107,216.5107,1.5411657920049038,0.0
s,portion_of_7_3,0.1,18,late,2,3,1,1,1/1,1.0,190,36,32.5107,222.5107,1.6246087909967173,0.0
s,portion_of_7_3,0.1,19,early,2,5,1,1,1/1,1.0,291,208,154.45499999999998,445.455,2.840982833004091,0.0
s,portion_of_7_3,0.1,19,middle,2,5,1,1,1/1,1.0,336,206,153.97799999999998,489.9779999999999,3.005025542006478,0.0
s,portion_of_7_3,0.1,19,late,2,5,1,1,1/1,1.0,336,150,140.622,476.622,3.021992959009367,0.0
s,portion_of_7_3,0.1,20,early,2,5,1,1,1/1,1.0,294,240,161.19529999999995,455.1953,2.8224281250004424,0.0
s,portion_of_7_3,0.1,20,middle,2,5,1,1,1/1,1.0,268,137,110.3392,378.3392,2.6628532920003636,-40.1146
s,portion_of_7_3,0.1,20,late,2,5,1,1,1/1,1.0,297,163,146.1572,443.1572,2.718922041996848,0.0
s,portion_of_7_3,0.2,1,early,2,5,1,1,1/1,1.0,221,179,102.8374,323.8374,2.169608625001274,0.0
s,portion_of_7_3,0.2,1,middle,2,5,1,1,1/1,1.0,221,73,67.4228,288.4228,2.1077477090002503,0.0
s,portion_of_7_3,0.2,1,late,2,5,1,1,1/1,1.0,224,73,67.4228,291.4228,2.2021493329957593,0.0
s,portion_of_7_3,0.2,2,early,2,5,1,0,0/1,0.0,182,172,146.21460000000002,328.2146,2.0625900419981917,0.0
s,portion_of_7_3,0.2,2,middle,2,5,1,1,1/1,1.0,204,194,165.2116,369.2116,2.151840457998333,18.997
s,portion_of_7_3,0.2,2,late,2,5,1,1,1/1,1.0,274,172,146.21460000000002,420.2146,2.5576234170002863,0.0
s,portion_of_7_3,0.2,3,early,2,4,1,0,0/1,0.0,143,21,19.8546,162.8546,1.8807006660063053,0.0
s,portion_of_7_3,0.2,3,middle,2,4,1,0,0/1,0.0,143,21,19.8546,162.8546,1.7036086250009248,0.0
s,portion_of_7_3,0.2,3,late,2,4,1,1,1/1,1.0,241,21,19.8546,260.8546,2.0627795000036713,0.0
s,portion_of_7_3,0.2,4,early,2,5,1,1,1/1,1.0,332,474,403.6436,735.6436,3.11410083300143,-144.04690000000002
s,portion_of_7_3,0.2,4,middle,2,5,1,1,1/1,1.0,359,653,509.3629,868.3629,3.3449284579983214,-47.831599999999995
s,portion_of_7_3,0.2,4,late,2,5,1,1,1/1,1.0,379,647,562.8307,941.8307,3.3869260420033243,15.0082
s,portion_of_7_3,0.2,5,early,2,3,1,1,1/1,1.0,217,156,64.38850000000001,281.3885,2.017406667000614,-20.7375
s,portion_of_7_3,0.2,5,middle,2,3,1,1,1/1,1.0,217,86,56.1985,273.1985,2.0231510419980623,-20.7375
s,portion_of_7_3,0.2,5,late,2,3,1,1,1/1,1.0,238,74,73.075,311.075,2.0662784589949297,0.0
s,portion_of_7_3,0.2,6,early,2,4,1,0,0/1,0.0,127,0,0.0,127.0,1.3122077919979347,0.0
s,portion_of_7_3,0.2,6,middle,2,4,1,1,1/1,1.0,156,0,0.0,156.0,1.4726598340057535,0.0
s,portion_of_7_3,0.2,6,late,2,4,1,1,1/1,1.0,197,0,0.0,197.0,1.590526708998368,0.0
s,portion_of_7_3,0.2,7,early,2,3,1,1,1/1,1.0,250,90,27.1666,277.1666,1.8675778750039171,-38.3754
s,portion_of_7_3,0.2,7,middle,2,3,1,0,0/1,0.0,141,64,58.4768,199.4768,1.49952216699603,0.0
s,portion_of_7_3,0.2,7,late,2,3,1,1,1/1,1.0,246,64,58.4768,304.4768,1.8984246250038268,0.0
s,portion_of_7_3,0.2,8,early,2,4,1,1,1/1,1.0,309,278,211.0219,520.0219,2.9287240840058075,0.5760000000000005
s,portion_of_7_3,0.2,8,middle,2,4,1,1,1/1,1.0,322,290,233.0637,555.0637,2.9181184159970144,31.889000000000003
s,portion_of_7_3,0.2,8,late,2,4,1,1,1/1,1.0,344,191,175.2926,519.2926,2.925232290988788,0.0
s,portion_of_7_3,0.2,9,early,2,5,1,1,1/1,1.0,268,282,255.1771,523.1771,2.810996290994808,37.39049999999999
s,portion_of_7_3,0.2,9,middle,2,5,1,1,1/1,1.0,267,248,215.1301,482.1301,2.7749322500021663,-4.6075
s,portion_of_7_3,0.2,9,late,2,5,1,1,1/1,1.0,368,232,215.6405,583.6405,3.1729622909915633,0.0
s,portion_of_7_3,0.2,10,early,2,4,1,1,1/1,1.0,204,41,31.4751,235.4751,1.763069333988824,0.0
s,portion_of_7_3,0.2,10,middle,2,4,1,1,1/1,1.0,212,37,31.2687,243.2687,1.7880640420044074,0.0
s,portion_of_7_3,0.2,10,late,2,4,1,1,1/1,1.0,243,37,31.2687,274.2687,1.941537790989969,0.0
s,portion_of_7_3,0.2,11,early,2,4,1,0,0/1,0.0,180,90,77.1276,257.12760000000003,2.1600320829893462,0.0
s,portion_of_7_3,0.2,11,middle,2,4,1,1,1/1,1.0,280,143,91.1673,371.1673,2.557102708000457,0.0
s,portion_of_7_3,0.2,11,late,2,4,1,1,1/1,1.0,280,90,77.1276,357.12760000000003,2.4572216250089696,0.0
s,portion_of_7_3,0.2,12,early,2,3,1,1,1/1,1.0,209,0,0.0,209.0,1.6379850830126088,0.0
s,portion_of_7_3,0.2,12,middle,2,3,1,1,1/1,1.0,211,0,0.0,211.0,1.635925208000117,0.0
s,portion_of_7_3,0.2,12,late,2,3,1,1,1/1,1.0,257,0,0.0,257.0,1.8221515420009384,0.0
s,portion_of_7_3,0.2,13,early,2,5,1,1,1/1,1.0,231,145,99.9979,330.9979,2.457280124988756,6.361199999999998
s,portion_of_7_3,0.2,13,middle,2,5,1,1,1/1,1.0,255,97,79.0127,334.0127,2.529408708011033,0.0
s,portion_of_7_3,0.2,13,late,2,5,1,1,1/1,1.0,281,83,73.8943,354.8943,2.5536886250047246,0.0
s,portion_of_7_3,0.2,14,early,2,5,1,1,1/1,1.0,394,506,363.0858,757.0858000000001,3.5179525409912458,19.6325
s,portion_of_7_3,0.2,14,middle,2,5,1,1,1/1,1.0,389,428,341.9868,730.9868,3.5093322079919744,15.177499999999998
s,portion_of_7_3,0.2,14,late,2,5,1,1,1/1,1.0,465,354,311.9893,776.9893,3.7404465829895344,0.0
s,portion_of_7_3,0.2,15,early,2,5,1,0,0/1,0.0,158,52,45.0216,203.0216,1.9021787910023704,0.0
s,portion_of_7_3,0.2,15,middle,2,5,1,1,1/1,1.0,214,103,56.7846,270.7846,2.0599430420115823,6.0606
s,portion_of_7_3,0.2,15,late,2,5,1,1,1/1,1.0,224,52,45.0216,269.0216,1.9982604589895343,0.0
s,portion_of_7_3,0.2,16,early,2,3,1,1,1/1,1.0,213,27,7.9866,220.9866,1.6839082920050714,0.0
s,portion_of_7_3,0.2,16,middle,2,3,1,1,1/1,1.0,213,18,5.3244,218.3244,1.6957371660100762,0.0
s,portion_of_7_3,0.2,16,late,2,3,1,1,1/1,1.0,222,0,0.0,222.0,1.6752840839908458,0.0
s,portion_of_7_3,0.2,17,early,2,4,1,1,1/1,1.0,219,69,28.3626,247.3626,1.8932955830096032,0.0
s,portion_of_7_3,0.2,17,middle,2,4,1,1,1/1,1.0,219,27,24.948,243.948,1.874897832996794,0.0
s,portion_of_7_3,0.2,17,late,2,4,1,1,1/1,1.0,241,27,24.948,265.948,1.8230199170066044,0.0
s,portion_of_7_3,0.2,18,early,2,3,1,0,0/1,0.0,135,36,32.5107,167.5107,1.4171145000000251,0.0
s,portion_of_7_3,0.2,18,middle,2,3,1,1,1/1,1.0,184,36,32.5107,216.5107,1.54518816700147,0.0
s,portion_of_7_3,0.2,18,late,2,3,1,1,1/1,1.0,190,36,32.5107,222.5107,1.5608497920038644,0.0
s,portion_of_7_3,0.2,19,early,2,5,1,1,1/1,1.0,291,208,154.45499999999998,445.455,2.785832459005178,0.0
s,portion_of_7_3,0.2,19,middle,2,5,1,1,1/1,1.0,336,206,153.97799999999998,489.9779999999999,3.0844775419973303,0.0
s,portion_of_7_3,0.2,19,late,2,5,1,1,1/1,1.0,336,150,140.622,476.622,2.954897791001713,0.0
s,portion_of_7_3,0.2,20,early,2,5,1,1,1/1,1.0,294,240,161.19529999999995,455.1953,2.7669419169978937,0.0
s,portion_of_7_3,0.2,20,middle,2,5,1,1,1/1,1.0,268,137,110.3392,378.3392,2.594712250007433,-40.1146
s,portion_of_7_3,0.2,20,late,2,5,1,1,1/1,1.0,297,163,146.1572,443.1572,2.8040872080018744,0.0
s,portion_of_7_3,0.5,1,early,2,5,1,1,1/1,1.0,221,179,102.8374,323.8374,2.1904350419936236,0.0
s,portion_of_7_3,0.5,1,middle,2,5,1,1,1/1,1.0,221,73,67.4228,288.4228,2.1998803329915972,0.0
s,portion_of_7_3,0.5,1,late,2,5,1,1,1/1,1.0,224,73,67.4228,291.4228,2.131000583001878,0.0
s,portion_of_7_3,0.5,2,early,2,5,1,1,1/1,1.0,203,236,188.6178,391.6178,2.1728447920031613,39.8617
s,portion_of_7_3,0.5,2,middle,2,5,1,1,1/1,1.0,204,194,165.2116,369.2116,2.1662166669993894,18.997
s,portion_of_7_3,0.5,2,late,2,5,1,1,1/1,1.0,274,172,146.21460000000002,420.2146,2.559253125000396,0.0
s,portion_of_7_3,0.5,3,early,2,4,1,0,0/1,0.0,143,21,19.8546,162.8546,1.831077291004476,0.0
s,portion_of_7_3,0.5,3,middle,2,4,1,0,0/1,0.0,143,21,19.8546,162.8546,1.6470014160004212,0.0
s,portion_of_7_3,0.5,3,late,2,4,1,1,1/1,1.0,241,21,19.8546,260.8546,2.149260582998977,0.0
s,portion_of_7_3,0.5,4,early,2,5,1,1,1/1,1.0,332,474,403.6436,735.6436,3.1990828749985667,-144.04690000000002
s,portion_of_7_3,0.5,4,middle,2,5,1,1,1/1,1.0,359,653,509.3629,868.3629,3.2721773340017535,-47.831599999999995
s,portion_of_7_3,0.5,4,late,2,5,1,1,1/1,1.0,379,647,562.8307,941.8307,3.441752207989339,15.0082
s,portion_of_7_3,0.5,5,early,2,3,1,1,1/1,1.0,217,156,64.38850000000001,281.3885,2.117464208000456,-20.7375
s,portion_of_7_3,0.5,5,middle,2,3,1,1,1/1,1.0,217,86,56.1985,273.1985,2.1105609590013046,-20.7375
s,portion_of_7_3,0.5,5,late,2,3,1,1,1/1,1.0,238,74,73.075,311.075,2.0826911670010304,0.0
s,portion_of_7_3,0.5,6,early,2,4,1,0,0/1,0.0,127,0,0.0,127.0,1.3394222909992095,0.0
s,portion_of_7_3,0.5,6,middle,2,4,1,1,1/1,1.0,156,0,0.0,156.0,1.4015547079907265,0.0
s,portion_of_7_3,0.5,6,late,2,4,1,1,1/1,1.0,197,0,0.0,197.0,1.6619659999996657,0.0
s,portion_of_7_3,0.5,7,early,2,3,1,1,1/1,1.0,250,90,27.1666,277.1666,1.9343492909974884,-38.3754
s,portion_of_7_3,0.5,7,middle,2,3,1,0,0/1,0.0,141,64,58.4768,199.4768,1.5112764999939827,0.0
s,portion_of_7_3,0.5,7,late,2,3,1,1,1/1,1.0,246,64,58.4768,304.4768,1.8507952920044772,0.0
s,portion_of_7_3,0.5,8,early,2,4,1,1,1/1,1.0,309,278,211.0219,520.0219,2.8545275000069523,0.5760000000000005
s,portion_of_7_3,0.5,8,middle,2,4,1,1,1/1,1.0,322,290,233.0637,555.0637,2.915982249993249,31.889000000000003
s,portion_of_7_3,0.5,8,late,2,4,1,1,1/1,1.0,344,191,175.2926,519.2926,2.9905647919949843,0.0
s,portion_of_7_3,0.5,9,early,2,5,1,1,1/1,1.0,268,282,255.1771,523.1771,2.796626625000499,37.39049999999999
s,portion_of_7_3,0.5,9,middle,2,5,1,1,1/1,1.0,267,248,215.1301,482.1301,2.8632387920079054,-4.6075
s,portion_of_7_3,0.5,9,late,2,5,1,1,1/1,1.0,368,232,215.6405,583.6405,3.278507458002423,0.0
s,portion_of_7_3,0.5,10,early,2,4,1,1,1/1,1.0,204,41,31.4751,235.4751,1.767786124997656,0.0
s,portion_of_7_3,0.5,10,middle,2,4,1,1,1/1,1.0,212,37,31.2687,243.2687,1.802041625007405,0.0
s,portion_of_7_3,0.5,10,late,2,4,1,1,1/1,1.0,243,37,31.2687,274.2687,1.9382042920042295,0.0
s,portion_of_7_3,0.5,11,early,2,4,1,0,0/1,0.0,180,90,77.1276,257.12760000000003,2.168162374990061,0.0
s,portion_of_7_3,0.5,11,middle,2,4,1,1,1/1,1.0,280,143,91.1673,371.1673,2.4955719590070657,0.0
s,portion_of_7_3,0.5,11,late,2,4,1,1,1/1,1.0,280,90,77.1276,357.12760000000003,2.467178374994546,0.0
s,portion_of_7_3,0.5,12,early,2,3,1,1,1/1,1.0,209,0,0.0,209.0,1.6348552080016816,0.0
s,portion_of_7_3,0.5,12,middle,2,3,1,1,1/1,1.0,211,0,0.0,211.0,1.6509771659912076,0.0
s,portion_of_7_3,0.5,12,late,2,3,1,1,1/1,1.0,257,0,0.0,257.0,1.8525020840024808,0.0
s,portion_of_7_3,0.5,13,early,2,5,1,1,1/1,1.0,231,145,99.9979,330.9979,2.4663598329934757,6.361199999999998
s,portion_of_7_3,0.5,13,middle,2,5,1,1,1/1,1.0,255,97,79.0127,334.0127,2.442594291002024,0.0
s,portion_of_7_3,0.5,13,late,2,5,1,1,1/1,1.0,281,83,73.8943,354.8943,2.6118357499944977,0.0
s,portion_of_7_3,0.5,14,early,2,5,1,1,1/1,1.0,394,506,363.0858,757.0858000000001,3.5456361660035327,19.6325
s,portion_of_7_3,0.5,14,middle,2,5,1,1,1/1,1.0,389,428,341.9868,730.9868,3.448439416999463,15.177499999999998
s,portion_of_7_3,0.5,14,late,2,5,1,1,1/1,1.0,465,354,311.9893,776.9893,3.933655083004851,0.0
s,portion_of_7_3,0.5,15,early,2,5,1,0,0/1,0.0,158,52,45.0216,203.0216,1.832051874996978,0.0
s,portion_of_7_3,0.5,15,middle,2,5,1,1,1/1,1.0,214,103,56.7846,270.7846,1.9996417919901432,6.0606
s,portion_of_7_3,0.5,15,late,2,5,1,1,1/1,1.0,224,52,45.0216,269.0216,2.0732721669919556,0.0
s,portion_of_7_3,0.5,16,early,2,3,1,1,1/1,1.0,213,27,7.9866,220.9866,1.7709785830084002,0.0
s,portion_of_7_3,0.5,16,middle,2,3,1,1,1/1,1.0,213,18,5.3244,218.3244,1.6948079580033664,0.0
s,portion_of_7_3,0.5,16,late,2,3,1,1,1/1,1.0,222,0,0.0,222.0,1.6320265419926727,0.0
s,portion_of_7_3,0.5,17,early,2,4,1,1,1/1,1.0,219,69,28.3626,247.3626,1.8394709160056664,0.0
s,portion_of_7_3,0.5,17,middle,2,4,1,1,1/1,1.0,219,27,24.948,243.948,1.8830782500008352,0.0
s,portion_of_7_3,0.5,17,late,2,4,1,1,1/1,1.0,241,27,24.948,265.948,1.8364081670006271,0.0
s,portion_of_7_3,0.5,18,early,2,3,1,1,1/1,1.0,189,59,43.3623,232.3623,1.6205181250115857,9.3475
s,portion_of_7_3,0.5,18,middle,2,3,1,1,1/1,1.0,184,36,32.5107,216.5107,1.5796543330070565,0.0
s,portion_of_7_3,0.5,18,late,2,3,1,1,1/1,1.0,190,36,32.5107,222.5107,1.6510654160083504,0.0
s,portion_of_7_3,0.5,19,early,2,5,1,1,1/1,1.0,291,208,154.45499999999998,445.455,2.873533917008899,0.0
s,portion_of_7_3,0.5,19,middle,2,5,1,1,1/1,1.0,336,206,153.97799999999998,489.9779999999999,3.1122885840013623,0.0
s,portion_of_7_3,0.5,19,late,2,5,1,1,1/1,1.0,336,150,140.622,476.622,3.013146583994967,0.0
s,portion_of_7_3,0.5,20,early,2,5,1,1,1/1,1.0,294,240,161.19529999999995,455.1953,2.7831118339963723,0.0
s,portion_of_7_3,0.5,20,middle,2,5,1,1,1/1,1.0,268,137,110.3392,378.3392,2.6710955839953385,-40.1146
s,portion_of_7_3,0.5,20,late,2,5,1,1,1/1,1.0,297,163,146.1572,443.1572,2.7632875839917688,0.0
s,same_costs,0.1,1,early,2,5,3,3,3/3,1.0,285,182,182.0,467.0,2.382183333989815,0.0
s,same_costs,0.1,1,middle,2,5,3,3,3/3,1.0,291,156,156.0,447.0,2.333056041999953,0.0
s,same_costs,0.1,1,late,2,5,3,3,3/3,1.0,338,92,92.0,430.0,2.4261369579908205,0.0
s,same_costs,0.1,2,early,2,5,3,3,3/3,1.0,370,426,426.0,796.0,3.163461667005322,-15.0
s,same_costs,0.1,2,middle,2,5,3,0,0/3,0.0,177,59,59.0,236.0,4.80131816699577,0.0
s,same_costs,0.1,2,late,2,5,3,3,3/3,1.0,411,276,276.0,687.0,3.3905816670012427,0.0
s,same_costs,0.1,3,early,2,3,1,1,1/1,1.0,253,182,182.0,435.0,1.8274262500053735,5.0
s,same_costs,0.1,3,middle,2,3,1,1,1/1,1.0,253,78,78.0,331.0,1.840764415988815,0.0
s,same_costs,0.1,3,late,2,3,1,1,1/1,1.0,248,62,62.0,310.0,1.8103987089998552,0.0
s,same_costs,0.1,4,early,2,5,3,3,3/3,1.0,318,361,361.0,679.0,2.578259292000439,0.0
s,same_costs,0.1,4,middle,2,5,3,3,3/3,1.0,303,263,263.0,566.0,2.546774292000918,0.0
s,same_costs,0.1,4,late,2,5,3,3,3/3,1.0,330,94,94.0,424.0,2.515038249999634,0.0
s,same_costs,0.1,5,early,2,3,1,0,0/1,0.0,136,22,22.0,158.0,1.3176090000051772,0.0
s,same_costs,0.1,5,middle,2,3,1,0,0/1,0.0,136,22,22.0,158.0,1.218934040996828,0.0
s,same_costs,0.1,5,late,2,3,1,1,1/1,1.0,177,22,22.0,199.0,1.492076416994678,0.0
s,same_costs,0.1,6,early,2,3,1,1,1/1,1.0,132,31,31.0,163.0,1.2491361670108745,0.0
s,same_costs,0.1,6,middle,2,3,1,1,1/1,1.0,132,0,0.0,132.0,1.2177169580099871,0.0
s,same_costs,0.1,6,late,2,3,1,1,1/1,1.0,143,0,0.0,143.0,1.3333126659999834,0.0
s,same_costs,0.1,7,early,2,3,1,0,0/1,0.0,245,83,83.0,328.0,2.22496316699835,0.0
s,same_costs,0.1,7,middle,2,3,1,1,1/1,1.0,331,146,146.0,477.0,2.352070583991008,0.0
s,same_costs,0.1,7,late,2,3,1,1,1/1,1.0,339,83,83.0,422.0,2.280818500003079,0.0
s,same_costs,0.1,8,early,2,5,3,0,0/3,0.0,102,25,25.0,127.0,2.924063667000155,0.0
s,same_costs,0.1,8,middle,2,5,3,1,1/3,0.33,141,29,29.0,170.0,3.678918749996228,0.0
s,same_costs,0.1,8,late,2,5,3,3,3/3,1.0,253,114,114.0,367.0,2.093887542010634,0.0
s,same_costs,0.1,9,early,2,4,2,1,1/2,0.5,191,0,0.0,191.0,3.5229068339976948,0.0
s,same_costs,0.1,9,middle,2,4,2,2,2/2,1.0,236,24,24.0,260.0,1.8734868330066092,0.0
s,same_costs,0.1,9,late,2,4,2,2,2/2,1.0,259,86,86.0,345.0,1.9689381250063889,0.0
s,same_costs,0.1,10,early,2,3,1,1,1/1,1.0,190,75,75.0,265.0,1.6238482499902602,-24.0
s,same_costs,0.1,10,middle,2,3,1,0,0/1,0.0,122,55,55.0,177.0,1.2569743330095662,0.0
s,same_costs,0.1,10,late,2,3,1,1,1/1,1.0,197,55,55.0,252.0,1.5632919580093585,0.0
s,same_costs,0.1,11,early,2,3,1,1,1/1,1.0,175,16,16.0,191.0,1.2182525839889422,0.0
s,same_costs,0.1,11,middle,2,3,1,1,1/1,1.0,176,0,0.0,176.0,1.2969960410118802,0.0
s,same_costs,0.1,11,late,2,3,1,1,1/1,1.0,226,0,0.0,226.0,1.6023527910001576,0.0
s,same_costs,0.1,12,early,2,3,1,0,0/1,0.0,160,80,80.0,240.0,1.5345777089969488,0.0
s,same_costs,0.1,12,middle,2,3,1,1,1/1,1.0,229,99,99.0,328.0,1.7497753750067204,-11.0
s,same_costs,0.1,12,late,2,3,1,0,0/1,0.0,160,80,80.0,240.0,1.4774121249938617,0.0
s,same_costs,0.1,13,early,2,5,3,3,3/3,1.0,283,278,278.0,561.0,2.392863707995275,-44.0
s,same_costs,0.1,13,middle,2,5,3,3,3/3,1.0,313,259,259.0,572.0,2.572256916988408,0.0
s,same_costs,0.1,13,late,2,5,3,3,3/3,1.0,330,131,131.0,461.0,2.643075583007885,0.0
s,same_costs,0.1,14,early,2,4,2,2,2/2,1.0,280,245,245.0,525.0,2.2101485000021057,0.0
s,same_costs,0.1,14,middle,2,4,2,2,2/2,1.0,287,127,127.0,414.0,2.214218332999735,2.0
s,same_costs,0.1,14,late,2,4,2,2,2/2,1.0,313,110,110.0,423.0,2.1250135000009323,0.0
s,same_costs,0.1,15,early,2,5,3,2,2/3,0.67,304,170,170.0,474.0,5.485819749999791,0.0
s,same_costs,0.1,15,middle,2,5,3,3,3/3,1.0,350,156,156.0,506.0,2.65984804200707,0.0
s,same_costs,0.1,15,late,2,5,3,3,3/3,1.0,391,127,127.0,518.0,2.9081614159949822,0.0
s,same_costs,0.1,16,early,2,5,3,2,2/3,0.67,254,164,164.0,418.0,4.974208708008518,0.0
s,same_costs,0.1,16,middle,2,5,3,3,3/3,1.0,328,118,118.0,446.0,2.636273041003733,0.0
s,same_costs,0.1,16,late,2,5,3,3,3/3,1.0,348,77,77.0,425.0,2.6060884170001373,0.0
s,same_costs,0.1,17,early,2,4,2,0,0/2,0.0,143,45,45.0,188.0,2.9083094999950845,0.0
s,same_costs,0.1,17,middle,2,4,2,2,2/2,1.0,275,70,70.0,345.0,2.2033797909971327,0.0
s,same_costs,0.1,17,late,2,4,2,2,2/2,1.0,268,45,45.0,313.0,2.1351829579944024,0.0
s,same_costs,0.1,18,early,2,4,2,2,2/2,1.0,173,85,85.0,258.0,1.4009535829973174,-12.0
s,same_costs,0.1,18,middle,2,4,2,2,2/2,1.0,203,102,102.0,305.0,1.5734991670033196,0.0
s,same_costs,0.1,18,late,2,4,2,2,2/2,1.0,203,96,96.0,299.0,1.4868985840003006,0.0
s,same_costs,0.1,19,early,2,3,1,0,0/1,0.0,159,31,31.0,190.0,1.6866220419906313,0.0
s,same_costs,0.1,19,middle,2,3,1,1,1/1,1.0,213,31,31.0,244.0,1.767912957991939,0.0
s,same_costs,0.1,19,late,2,3,1,1,1/1,1.0,256,31,31.0,287.0,2.0364180420001503,0.0
s,same_costs,0.1,20,early,2,5,3,1,1/3,0.33,204,147,147.0,351.0,4.875990792002995,0.0
s,same_costs,0.1,20,middle,2,5,3,3,3/3,1.0,344,299,299.0,643.0,2.665542207992985,0.0
s,same_costs,0.1,20,late,2,5,3,3,3/3,1.0,344,242,242.0,586.0,2.750145041005453,0.0
s,same_costs,0.2,1,early,2,5,3,3,3/3,1.0,285,182,182.0,467.0,2.39345016599691,0.0
s,same_costs,0.2,1,middle,2,5,3,3,3/3,1.0,291,156,156.0,447.0,2.4247937079926487,0.0
s,same_costs,0.2,1,late,2,5,3,3,3/3,1.0,338,92,92.0,430.0,2.430840458997409,0.0
s,same_costs,0.2,2,early,2,5,3,3,3/3,1.0,370,426,426.0,796.0,3.2643955829989864,-15.0
s,same_costs,0.2,2,middle,2,5,3,1,1/3,0.33,234,115,115.0,349.0,5.853686208996805,10.0
s,same_costs,0.2,2,late,2,5,3,3,3/3,1.0,411,276,276.0,687.0,3.2765157090034336,0.0
s,same_costs,0.2,3,early,2,3,1,1,1/1,1.0,253,182,182.0,435.0,1.840219750010874,5.0
s,same_costs,0.2,3,middle,2,3,1,1,1/1,1.0,253,78,78.0,331.0,1.8731025830056751,0.0
s,same_costs,0.2,3,late,2,3,1,1,1/1,1.0,248,62,62.0,310.0,1.8569954159902409,0.0
s,same_costs,0.2,4,early,2,5,3,3,3/3,1.0,318,361,361.0,679.0,2.5847776669979794,0.0
s,same_costs,0.2,4,middle,2,5,3,3,3/3,1.0,303,263,263.0,566.0,2.5512569999991683,0.0
s,same_costs,0.2,4,late,2,5,3,3,3/3,1.0,330,94,94.0,424.0,2.528161332986201,0.0
s,same_costs,0.2,5,early,2,3,1,0,0/1,0.0,136,22,22.0,158.0,1.3221178340027109,0.0
s,same_costs,0.2,5,middle,2,3,1,0,0/1,0.0,136,22,22.0,158.0,1.222620165994158,0.0
s,same_costs,0.2,5,late,2,3,1,1,1/1,1.0,177,22,22.0,199.0,1.4894172500062268,0.0
s,same_costs,0.2,6,early,2,3,1,1,1/1,1.0,132,31,31.0,163.0,1.2386796659993706,0.0
s,same_costs,0.2,6,middle,2,3,1,1,1/1,1.0,132,0,0.0,132.0,1.212611916998867,0.0
s,same_costs,0.2,6,late,2,3,1,1,1/1,1.0,143,0,0.0,143.0,1.3434959159931168,0.0
s,same_costs,0.2,7,early,2,3,1,1,1/1,1.0,350,268,268.0,618.0,2.487210207997123,15.0
s,same_costs,0.2,7,middle,2,3,1,1,1/1,1.0,331,146,146.0,477.0,2.3742555000062566,0.0
s,same_costs,0.2,7,late,2,3,1,1,1/1,1.0,339,83,83.0,422.0,2.2833746669930406,0.0
s,same_costs,0.2,8,early,2,5,3,1,1/3,0.33,168,101,101.0,269.0,3.8010217089904472,5.0
s,same_costs,0.2,8,middle,2,5,3,2,2/3,0.67,207,96,96.0,303.0,5.5435448750067735,5.0
s,same_costs,0.2,8,late,2,5,3,3,3/3,1.0,253,114,114.0,367.0,2.0351812909939326,0.0
s,same_costs,0.2,9,early,2,4,2,1,1/2,0.5,191,0,0.0,191.0,3.619995500004734,0.0
s,same_costs,0.2,9,middle,2,4,2,2,2/2,1.0,236,24,24.0,260.0,1.896953791991109,0.0
s,same_costs,0.2,9,late,2,4,2,2,2/2,1.0,259,86,86.0,345.0,1.9900035000027856,0.0
s,same_costs,0.2,10,early,2,3,1,1,1/1,1.0,190,75,75.0,265.0,1.7136078330076998,-24.0
s,same_costs,0.2,10,middle,2,3,1,0,0/1,0.0,122,55,55.0,177.0,1.3461632079997798,0.0
s,same_costs,0.2,10,late,2,3,1,1,1/1,1.0,197,55,55.0,252.0,1.5814402079995489,0.0
s,same_costs,0.2,11,early,2,3,1,1,1/1,1.0,175,16,16.0,191.0,1.234477958001662,0.0
s,same_costs,0.2,11,middle,2,3,1,1,1/1,1.0,176,0,0.0,176.0,1.3774599169992143,0.0
s,same_costs,0.2,11,late,2,3,1,1,1/1,1.0,226,0,0.0,226.0,1.5350950840074802,0.0
s,same_costs,0.2,12,early,2,3,1,0,0/1,0.0,160,80,80.0,240.0,1.4740123329975177,0.0
s,same_costs,0.2,12,middle,2,3,1,1,1/1,1.0,229,99,99.0,328.0,1.760576917004073,-11.0
s,same_costs,0.2,12,late,2,3,1,0,0/1,0.0,160,80,80.0,240.0,1.5670065419981256,0.0
s,same_costs,0.2,13,early,2,5,3,3,3/3,1.0,283,278,278.0,561.0,2.4998090000008233,-44.0
s,same_costs,0.2,13,middle,2,5,3,3,3/3,1.0,313,259,259.0,572.0,2.6636879579891684,0.0
s,same_costs,0.2,13,late,2,5,3,3,3/3,1.0,330,131,131.0,461.0,2.6924721669929568,0.0
s,same_costs,0.2,14,early,2,4,2,2,2/2,1.0,280,245,245.0,525.0,2.145345584009192,0.0
s,same_costs,0.2,14,middle,2,4,2,2,2/2,1.0,287,127,127.0,414.0,2.224491750006564,2.0
s,same_costs,0.2,14,late,2,4,2,2,2/2,1.0,313,110,110.0,423.0,2.171442249993561,0.0
s,same_costs,0.2,15,early,2,5,3,2,2/3,0.67,304,170,170.0,474.0,5.51545058299962,0.0
s,same_costs,0.2,15,middle,2,5,3,3,3/3,1.0,350,156,156.0,506.0,2.7561252909945324,0.0
s,same_costs,0.2,15,late,2,5,3,3,3/3,1.0,391,127,127.0,518.0,2.894815749998088,0.0
s,same_costs,0.2,16,early,2,5,3,2,2/3,0.67,254,164,164.0,418.0,5.008343333000084,0.0
s,same_costs,0.2,16,middle,2,5,3,3,3/3,1.0,328,118,118.0,446.0,2.596950167004252,0.0
s,same_costs,0.2,16,late,2,5,3,3,3/3,1.0,348,77,77.0,425.0,2.6166840830119327,0.0
s,same_costs,0.2,17,early,2,4,2,0,0/2,0.0,143,45,45.0,188.0,2.951332333002938,0.0
s,same_costs,0.2,17,middle,2,4,2,2,2/2,1.0,275,70,70.0,345.0,2.200958207991789,0.0
s,same_costs,0.2,17,late,2,4,2,2,2/2,1.0,268,45,45.0,313.0,2.221659292001277,0.0
s,same_costs,0.2,18,early,2,4,2,2,2/2,1.0,173,85,85.0,258.0,1.4950582500023302,-12.0
s,same_costs,0.2,18,middle,2,4,2,2,2/2,1.0,203,102,102.0,305.0,1.5746917919896075,0.0
s,same_costs,0.2,18,late,2,4,2,2,2/2,1.0,203,96,96.0,299.0,1.4982510839909082,0.0
s,same_costs,0.2,19,early,2,3,1,1,1/1,1.0,229,128,128.0,357.0,1.8585350000066685,4.0
s,same_costs,0.2,19,middle,2,3,1,1,1/1,1.0,213,31,31.0,244.0,1.7911525000090478,0.0
s,same_costs,0.2,19,late,2,3,1,1,1/1,1.0,256,31,31.0,287.0,2.051572666998254,0.0
s,same_costs,0.2,20,early,2,5,3,1,1/3,0.33,204,147,147.0,351.0,4.902296375003061,0.0
s,same_costs,0.2,20,middle,2,5,3,3,3/3,1.0,344,299,299.0,643.0,2.6829054999980144,0.0
s,same_costs,0.2,20,late,2,5,3,3,3/3,1.0,344,242,242.0,586.0,2.73823024999001,0.0
s,same_costs,0.5,1,early,2,5,3,3,3/3,1.0,285,182,182.0,467.0,2.332129583999631,0.0
s,same_costs,0.5,1,middle,2,5,3,3,3/3,1.0,291,156,156.0,447.0,2.363178917003097,0.0
s,same_costs,0.5,1,late,2,5,3,3,3/3,1.0,338,92,92.0,430.0,2.522671165992506,0.0
s,same_costs,0.5,2,early,2,5,3,3,3/3,1.0,370,426,426.0,796.0,3.174205000002985,-15.0
s,same_costs,0.5,2,middle,2,5,3,2,2/3,0.67,319,232,232.0,551.0,6.427391582998098,10.0
s,same_costs,0.5,2,late,2,5,3,3,3/3,1.0,411,276,276.0,687.0,3.2792214999935823,0.0
s,same_costs,0.5,3,early,2,3,1,1,1/1,1.0,253,182,182.0,435.0,1.9799896250042368,5.0
s,same_costs,0.5,3,middle,2,3,1,1,1/1,1.0,253,78,78.0,331.0,1.9404599579866044,0.0
s,same_costs,0.5,3,late,2,3,1,1,1/1,1.0,248,62,62.0,310.0,1.845719832999748,0.0
s,same_costs,0.5,4,early,2,5,3,3,3/3,1.0,318,361,361.0,679.0,2.5751826250052545,0.0
s,same_costs,0.5,4,middle,2,5,3,3,3/3,1.0,303,263,263.0,566.0,2.470819250011118,0.0
s,same_costs,0.5,4,late,2,5,3,3,3/3,1.0,330,94,94.0,424.0,2.687910874999943,0.0
s,same_costs,0.5,5,early,2,3,1,0,0/1,0.0,136,22,22.0,158.0,1.3513603339961264,0.0
s,same_costs,0.5,5,middle,2,3,1,0,0/1,0.0,136,22,22.0,158.0,1.3062767919909677,0.0
s,same_costs,0.5,5,late,2,3,1,1,1/1,1.0,177,22,22.0,199.0,1.4147904590063265,0.0
s,same_costs,0.5,6,early,2,3,1,1,1/1,1.0,132,31,31.0,163.0,1.2704823750100331,0.0
s,same_costs,0.5,6,middle,2,3,1,1,1/1,1.0,132,0,0.0,132.0,1.2948733329976676,0.0
s,same_costs,0.5,6,late,2,3,1,1,1/1,1.0,143,0,0.0,143.0,1.276836707998882,0.0
s,same_costs,0.5,7,early,2,3,1,1,1/1,1.0,350,268,268.0,618.0,2.3857252089946996,15.0
s,same_costs,0.5,7,middle,2,3,1,1,1/1,1.0,331,146,146.0,477.0,2.331928917003097,0.0
s,same_costs,0.5,7,late,2,3,1,1,1/1,1.0,339,83,83.0,422.0,2.364410333990236,0.0
s,same_costs,0.5,8,early,2,5,3,1,1/3,0.33,168,101,101.0,269.0,3.8255254159885226,5.0
s,same_costs,0.5,8,middle,2,5,3,2,2/3,0.67,207,96,96.0,303.0,5.569232291003573,5.0
s,same_costs,0.5,8,late,2,5,3,3,3/3,1.0,253,114,114.0,367.0,2.102457291999599,0.0
s,same_costs,0.5,9,early,2,4,2,1,1/2,0.5,191,0,0.0,191.0,3.6700305830017896,0.0
s,same_costs,0.5,9,middle,2,4,2,2,2/2,1.0,236,24,24.0,260.0,1.979546959002619,0.0
s,same_costs,0.5,9,late,2,4,2,2,2/2,1.0,259,86,86.0,345.0,1.9918192090117373,0.0
s,same_costs,0.5,10,early,2,3,1,1,1/1,1.0,190,75,75.0,265.0,1.6344629590021214,-24.0
s,same_costs,0.5,10,middle,2,3,1,1,1/1,1.0,155,71,71.0,226.0,1.439955750000081,16.0
s,same_costs,0.5,10,late,2,3,1,1,1/1,1.0,197,55,55.0,252.0,1.6688365419977345,0.0
s,same_costs,0.5,11,early,2,3,1,1,1/1,1.0,175,16,16.0,191.0,1.2469627499958733,0.0
s,same_costs,0.5,11,middle,2,3,1,1,1/1,1.0,176,0,0.0,176.0,1.320637415992678,0.0
s,same_costs,0.5,11,late,2,3,1,1,1/1,1.0,226,0,0.0,226.0,1.623752749990672,0.0
s,same_costs,0.5,12,early,2,3,1,1,1/1,1.0,233,117,117.0,350.0,1.8233928749978077,37.0
s,same_costs,0.5,12,middle,2,3,1,1,1/1,1.0,229,99,99.0,328.0,1.836243416997604,-11.0
s,same_costs,0.5,12,late,2,3,1,0,0/1,0.0,160,80,80.0,240.0,1.5206773329991847,0.0
s,same_costs,0.5,13,early,2,5,3,3,3/3,1.0,283,278,278.0,561.0,2.500223458002438,-44.0
s,same_costs,0.5,13,middle,2,5,3,3,3/3,1.0,313,259,259.0,572.0,2.6135295419953763,0.0
s,same_costs,0.5,13,late,2,5,3,3,3/3,1.0,330,131,131.0,461.0,2.6848594580078498,0.0
s,same_costs,0.5,14,early,2,4,2,2,2/2,1.0,280,245,245.0,525.0,2.177905082993675,0.0
s,same_costs,0.5,14,middle,2,4,2,2,2/2,1.0,287,127,127.0,414.0,2.156450249996851,2.0
s,same_costs,0.5,14,late,2,4,2,2,2/2,1.0,313,110,110.0,423.0,2.158700082989526,0.0
s,same_costs,0.5,15,early,2,5,3,2,2/3,0.67,304,170,170.0,474.0,5.50614958400547,0.0
s,same_costs,0.5,15,middle,2,5,3,3,3/3,1.0,350,156,156.0,506.0,2.6914647499943385,0.0
s,same_costs,0.5,15,late,2,5,3,3,3/3,1.0,391,127,127.0,518.0,3.004545917006908,0.0
s,same_costs,0.5,16,early,2,5,3,2,2/3,0.67,254,164,164.0,418.0,5.013046583000687,0.0
s,same_costs,0.5,16,middle,2,5,3,3,3/3,1.0,328,118,118.0,446.0,2.647147583003971,0.0
s,same_costs,0.5,16,late,2,5,3,3,3/3,1.0,348,77,77.0,425.0,2.549624582999968,0.0
s,same_costs,0.5,17,early,2,4,2,0,0/2,0.0,143,45,45.0,188.0,3.0128851659974316,0.0
s,same_costs,0.5,17,middle,2,4,2,2,2/2,1.0,275,70,70.0,345.0,2.3021095829899423,0.0
s,same_costs,0.5,17,late,2,4,2,2,2/2,1.0,268,45,45.0,313.0,2.134525749992463,0.0
s,same_costs,0.5,18,early,2,4,2,2,2/2,1.0,173,85,85.0,258.0,1.419933791999938,-12.0
s,same_costs,0.5,18,middle,2,4,2,2,2/2,1.0,203,102,102.0,305.0,1.5160018330061575,0.0
s,same_costs,0.5,18,late,2,4,2,2,2/2,1.0,203,96,96.0,299.0,1.5721211250056513,0.0
s,same_costs,0.5,19,early,2,3,1,1,1/1,1.0,229,128,128.0,357.0,1.87975516699953,4.0
s,same_costs,0.5,19,middle,2,3,1,1,1/1,1.0,213,31,31.0,244.0,1.850773832993582,0.0
s,same_costs,0.5,19,late,2,3,1,1,1/1,1.0,256,31,31.0,287.0,1.964168125006836,0.0
s,same_costs,0.5,20,early,2,5,3,2,2/3,0.67,290,318,318.0,608.0,5.371828791990993,15.0
s,same_costs,0.5,20,middle,2,5,3,3,3/3,1.0,344,299,299.0,643.0,2.7742176250030752,0.0
s,same_costs,0.5,20,late,2,5,3,3,3/3,1.0,344,242,242.0,586.0,2.6907417910115328,0.0
xl,same_costs,0.1,1,early,2,43,21,2,2/21,0.1,1496,8822,8822.0,10318.0,1564.1613370608538,-85.0
